Name,CY
Zack Greinke,1.0
Justin Verlander,0.0
Tim Lincecum,1.0
CC Sabathia,0.0
Tim Lincecum,1.0
Roy Halladay,0.0
Cliff Lee,0.0
Roy Halladay,0.0
Cliff Lee,1.0
Jake Peavy,1.0
Johan Santana,1.0
Brandon Webb,1.0
Javier Vazquez,0.0
CC Sabathia,1.0
Justin Verlander,0.0
Cliff Lee,0.0
Felix Hernandez,0.0
Brandon Webb,0.0
Dan Haren,0.0
Roy Halladay,1.0
Roy Oswalt,0.0
Ubaldo Jimenez,0.0
CC Sabathia,0.0
Felix Hernandez,1.0
Jered Weaver,0.0
Josh Johnson,0.0
Josh Beckett,0.0
Adam Wainwright,0.0
Aaron Harang,0.0
Francisco Liriano,0.0
Adam Wainwright,0.0
Dan Haren,0.0
Jeremy Bonderman,0.0
Brandon Webb,0.0
Chris Carpenter,0.0
John Smoltz,0.0
Ervin Santana,0.0
Josh Johnson,0.0
John Smoltz,0.0
Aaron Harang,0.0
Johan Santana,0.0
Jon Lester,0.0
Ubaldo Jimenez,0.0
Joe Blanton,0.0
John Lackey,0.0
Mike Mussina,0.0
CC Sabathia,0.0
A.J. Burnett,0.0
Roy Halladay,0.0
Roy Halladay,0.0
John Lackey,0.0
Chris Carpenter,0.0
Erik Bedard,0.0
CC Sabathia,0.0
Tim Hudson,0.0
Roy Oswalt,0.0
Jon Lester,0.0
Kelvim Escobar,0.0
Javier Vazquez,0.0
Cole Hamels,0.0
Derek Lowe,0.0
Scott Kazmir,0.0
John Danks,0.0
Ryan Dempster,0.0
Dan Haren,0.0
Clayton Kershaw,0.0
Ben Sheets,0.0
Colby Lewis,0.0
Javier Vazquez,0.0
Javier Vazquez,0.0
Zack Greinke,0.0
Mike Mussina,0.0
Joel Pineiro,0.0
Erik Bedard,0.0
Curt Schilling,0.0
Bronson Arroyo,0.0
Yovani Gallardo,0.0
Rich Harden,0.0
Brad Penny,0.0
Chad Billingsley,0.0
Derek Lowe,0.0
Aaron Cook,0.0
John Danks,0.0
Roy Oswalt,0.0
Jake Peavy,0.0
Clayton Kershaw,0.0
Tim Lincecum,0.0
Kevin Millwood,0.0
Greg Maddux,0.0
Mat Latos,0.0
Hiroki Kuroda,0.0
Chris Young,0.0
David Price,0.0
Edinson Volquez,0.0
Josh Beckett,0.0
Mark Buehrle,0.0
Gil Meche,0.0
Zack Greinke,0.0
Chad Billingsley,0.0
Jason Jennings,0.0
Jon Lester,0.0
C.J. Wilson,0.0
Wandy Rodriguez,0.0
Ricky Nolasco,0.0
Josh Beckett,0.0
Tommy Hanson,0.0
Gavin Floyd,0.0
Matt Cain,0.0
Johan Santana,0.0
Ricky Nolasco,0.0
Andy Pettitte,0.0
Jair Jurrjens,0.0
Matt Cain,0.0
Jose Contreras,0.0
James Shields,0.0
Kelvim Escobar,0.0
Chris Capuano,0.0
Gavin Floyd,0.0
Ben Sheets,0.0
Carlos Zambrano,0.0
Jered Weaver,0.0
Cole Hamels,0.0
Brett Myers,0.0
Greg Maddux,0.0
Anibal Sanchez,0.0
Cole Hamels,0.0
Chien-Ming Wang,0.0
Ted Lilly,0.0
James Shields,0.0
Dan Haren,0.0
Andy Pettitte,0.0
Jair Jurrjens,0.0
Matt Cain,0.0
Mark Buehrle,0.0
Dan Haren,0.0
Ubaldo Jimenez,0.0
Dave Bush,0.0
Jason Schmidt,0.0
Chien-Ming Wang,0.0
Justin Verlander,0.0
Roy Oswalt,0.0
Jeff Francis,0.0
Adam Wainwright,0.0
Ricky Romero,0.0
Ted Lilly,0.0
Max Scherzer,0.0
Randy Johnson,0.0
Gil Meche,0.0
Carlos Zambrano,0.0
Matt Cain,0.0
Jon Garland,0.0
Brad Penny,0.0
Jake Westbrook,0.0
Shaun Marcum,0.0
Andy Sonnanstine,0.0
Francisco Liriano,0.0
Wandy Rodriguez,0.0
Ryan Dempster,0.0
Jake Peavy,0.0
Scott Kazmir,0.0
Brandon Morrow,0.0
Hiroki Kuroda,0.0
Aaron Cook,0.0
Scott Baker,0.0
Felix Hernandez,0.0
Jeff Francis,0.0
Cole Hamels,0.0
Brett Myers,0.0
Johan Santana,0.0
Brett Anderson,0.0
James Shields,0.0
Jon Garland,0.0
Jason Hammel,0.0
Roy Oswalt,0.0
Matt Cain,0.0
Andy Pettitte,0.0
Andy Pettitte,0.0
Dustin McGowan,0.0
Dallas Braden,0.0
Ian Snell,0.0
Bronson Arroyo,0.0
Roger Clemens,0.0
J.J. Putz,0.0
Roberto Hernandez,0.0
Chris Carpenter,0.0
Jorge De La Rosa,0.0
John Lackey,0.0
Carl Pavano,0.0
Johan Santana,0.0
Edwin Jackson,0.0
Felix Hernandez,0.0
Randy Wolf,0.0
Scott Baker,0.0
John Lackey,0.0
Mark Buehrle,0.0
Felix Hernandez,0.0
Rafael Betancourt,0.0
Randy Johnson,0.0
Joe Blanton,0.0
Kyle Lohse,0.0
John Maine,0.0
Jason Marquis,0.0
Vicente Padilla,0.0
Jered Weaver,0.0
Edwin Jackson,0.0
Zach Duke,0.0
Jason Hammel,0.0
Paul Maholm,0.0
Mariano Rivera,0.0
Freddy Garcia,0.0
Gio Gonzalez,0.0
Tom Gorzelanny,0.0
Mike Pelfrey,0.0
Derek Lowe,0.0
Kevin Correia,0.0
Matt Garza,0.0
Rich Hill,0.0
Wandy Rodriguez,0.0
Joe Nathan,0.0
Takashi Saito,0.0
Jonathan Papelbon,0.0
Clay Buchholz,0.0
Ervin Santana,0.0
Mark Buehrle,0.0
A.J. Burnett,0.0
Randy Wells,0.0
Dontrelle Willis,0.0
Chad Billingsley,0.0
Justin Verlander,0.0
Brian Matusz,0.0
Jason Vargas,0.0
Kyle Lohse,0.0
Matt Garza,0.0
Tim Lincecum,0.0
Joba Chamberlain,0.0
Scott Feldman,0.0
Tom Glavine,0.0
Daisuke Matsuzaka,0.0
Jered Weaver,0.0
Jeff Niemann,0.0
Miguel Batista,0.0
Livan Hernandez,0.0
A.J. Burnett,0.0
Wandy Rodriguez,0.0
Max Scherzer,0.0
Kevin Millwood,0.0
Doug Fister,0.0
Carlos Zambrano,0.0
Justin Verlander,0.0
Carl Pavano,0.0
Ted Lilly,0.0
Jamie Moyer,0.0
Bronson Arroyo,0.0
Carlos Zambrano,0.0
Yovani Gallardo,0.0
Doug Davis,0.0
Jeremy Bonderman,0.0
Jake Peavy,0.0
Oliver Perez,0.0
Jaime Garcia,0.0
John Danks,0.0
Kevin Slowey,0.0
R.A. Dickey,0.0
Tommy Hanson,0.0
Orlando Hernandez,0.0
Jhoulys Chacin,0.0
Scott Baker,0.0
Jonathan Sanchez,0.0
Dallas Braden,0.0
Jonathan Broxton,0.0
Jonathan Papelbon,0.0
B.J. Ryan,0.0
Carlos Marmol,0.0
Daisuke Matsuzaka,0.0
Phil Hughes,0.0
Mike Pelfrey,0.0
Ryan Dempster,0.0
Roberto Hernandez,0.0
Carlos Silva,0.0
Josh Johnson,0.0
Johnny Cueto,0.0
Randy Wolf,0.0
Scott Baker,0.0
Jeff Suppan,0.0
Adam Wainwright,0.0
Mike Mussina,0.0
Yovani Gallardo,0.0
Paul Maholm,0.0
Cole Hamels,0.0
Daniel Cabrera,0.0
Randy Wells,0.0
Aaron Harang,0.0
Brett Cecil,0.0
Derek Lowe,0.0
Tim Hudson,0.0
Ben Sheets,0.0
Scott Olsen,0.0
Jered Weaver,0.0
Clay Hensley,0.0
Jeremy Guthrie,0.0
Justin Duchscherer,0.0
Ted Lilly,0.0
Matt Morris,0.0
Brett Anderson,0.0
Heath Bell,0.0
Stephen Strasburg,0.0
Brian Wilson,0.0
Clayton Richard,0.0
Andy Pettitte,0.0
Nick Blackburn,0.0
Zach Duke,0.0
Jaret Wright,0.0
Esteban Loaiza,0.0
Jose Contreras,0.0
Jon Lieber,0.0
Phil Hughes,0.0
Greg Maddux,0.0
Matt Belisle,0.0
Byung-Hyun Kim,0.0
Heath Bell,0.0
Hong-Chih Kuo,0.0
Sergio Mitre,0.0
Francisco Rodriguez,0.0
Brian Fuentes,0.0
Francisco Cordero,0.0
Joe Saunders,0.0
Cliff Lee,0.0
Jonathan Sanchez,0.0
Ricky Romero,0.0
Kevin Slowey,0.0
Brian Bannister,0.0
Tim Hudson,0.0
Jeremy Guthrie,0.0
A.J. Burnett,0.0
Manny Parra,0.0
Matt Morris,0.0
Curt Schilling,0.0
Pedro Martinez,0.0
Hiroki Kuroda,0.0
Jorge Campillo,0.0
Jeremy Guthrie,0.0
Brian Bannister,0.0
Michael Wuertz,0.0
Matt Thornton,0.0
Doug Davis,0.0
Justin Masterson,0.0
Brian Wilson,0.0
Huston Street,0.0
Hong-Chih Kuo,0.0
Brad Lidge,0.0
Gavin Floyd,0.0
Barry Zito,0.0
Derek Lowe,0.0
Miguel Batista,0.0
Jesse Litsch,0.0
Nate Robertson,0.0
Doug Davis,0.0
Chad Billingsley,0.0
Joe Blanton,0.0
Dave Bush,0.0
Chris Young,0.0
Scott Kazmir,0.0
Jorge De La Rosa,0.0
Dana Eveland,0.0
Daniel Hudson,0.0
Billy Wagner,0.0
Andrew Bailey,0.0
Dustin McGowan,0.0
Mariano Rivera,0.0
Matt Thornton,0.0
Travis Wood,0.0
Bobby Jenks,0.0
Jonathan Broxton,0.0
Tim Hudson,0.0
Kenny Rogers,0.0
Ervin Santana,0.0
Ted Lilly,0.0
Kevin Millwood,0.0
Jon Garland,0.0
Barry Zito,0.0
Brett Myers,0.0
Kevin Millwood,0.0
Aaron Cook,0.0
Brad Bergesen,0.0
Zack Greinke,0.0
J.J. Putz,0.0
Grant Balfour,0.0
Heath Bell,0.0
Mark Hendrickson,0.0
Jose Contreras,0.0
Kerry Wood,0.0
Joakim Soria,0.0
Jonathan Papelbon,0.0
Bronson Arroyo,0.0
Ricky Nolasco,0.0
Jamie Moyer,0.0
Todd Wellemeyer,0.0
Livan Hernandez,0.0
James Shields,0.0
Scott Kazmir,0.0
Carlos Zambrano,0.0
Nick Blackburn,0.0
Joel Pineiro,0.0
Jarrod Washburn,0.0
Daisuke Matsuzaka,0.0
Jonathan Sanchez,0.0
Matt Belisle,0.0
Jose Contreras,0.0
Joel Zumaya,0.0
Zach Duke,0.0
Joe Nathan,0.0
Neftali Feliz,0.0
Mariano Rivera,0.0
Mariano Rivera,0.0
Takashi Saito,0.0
Luke Gregerson,0.0
Rafael Soriano,0.0
Trevor Cahill,0.0
Tim Wakefield,0.0
Matt Garza,0.0
Ian Snell,0.0
Jeff Suppan,0.0
Claudio Vargas,0.0
Jamie Moyer,0.0
Gil Meche,0.0
Anibal Sanchez,0.0
Jarrod Washburn,0.0
Ian Kennedy,0.0
Rich Harden,0.0
Joe Blanton,0.0
Randy Wolf,0.0
Jarrod Washburn,0.0
Sean Marshall,0.0
Josh Johnson,0.0
Tom Gorzelanny,0.0
Aaron Harang,0.0
Andy Sonnanstine,0.0
Francisco Rodriguez,0.0
Chris Capuano,0.0
Mike Adams,0.0
Chad Qualls,0.0
Jonathan Broxton,0.0
Trevor Hoffman,0.0
Homer Bailey,0.0
Billy Wagner,0.0
Jordan Zimmermann,0.0
Koji Uehara,0.0
Joakim Soria,0.0
Paul Byrd,0.0
Vicente Padilla,0.0
Chris Narveson,0.0
Chad Gaudin,0.0
Brad Penny,0.0
Jake Westbrook,0.0
Paul Maholm,0.0
Shaun Marcum,0.0
Barry Zito,0.0
Nate Robertson,0.0
John Axford,0.0
Joaquin Benoit,0.0
Kenshin Kawakami,0.0
Chad Gaudin,0.0
Adam Loewen,0.0
C.J. Wilson,0.0
Rafael Betancourt,0.0
Matt Capps,0.0
Rafael Soriano,0.0
David Aardsma,0.0
Ramon Ramirez,0.0
Bobby Jenks,0.0
Joe Nathan,0.0
Akinori Otsuka,0.0
Joe Nathan,0.0
Jonathan Papelbon,0.0
Bronson Arroyo,0.0
J.A. Happ,0.0
Braden Looper,0.0
Mark Buehrle,0.0
Jason Marquis,0.0
Tim Wakefield,0.0
Josh Fogg,0.0
John Maine,0.0
Carlos Silva,0.0
Oliver Perez,0.0
Paul Byrd,0.0
Rick Porcello,0.0
Mike Pelfrey,0.0
Tommy Hunter,0.0
Jon Niese,0.0
Joe Blanton,0.0
Bud Norris,0.0
Daniel Cabrera,0.0
Rodrigo Lopez,0.0
Jon Rauch,0.0
Micah Owings,0.0
Madison Bumgarner,0.0
Jake Peavy,0.0
Bob Howry,0.0
Chris Sampson,0.0
Taylor Buchholz,0.0
Jake Westbrook,0.0
James Shields,0.0
Carlos Marmol,0.0
Matt Thornton,0.0
Erik Bedard,0.0
Aaron Heilman,0.0
Mariano Rivera,0.0
Trevor Hoffman,0.0
Dan Wheeler,0.0
Felipe Paulino,0.0
Brad Radke,0.0
Johnny Cueto,0.0
Barry Zito,0.0
Hisanori Takahashi,0.0
Joba Chamberlain,0.0
Livan Hernandez,0.0
Chien-Ming Wang,0.0
Scot Shields,0.0
Luke Hochevar,0.0
Andrew Miller,0.0
Juan Cruz,0.0
Randy Johnson,0.0
James McDonald,0.0
Jeff Francis,0.0
Mark Hendrickson,0.0
Joakim Soria,0.0
Billy Wagner,0.0
Joaquin Benoit,0.0
Bob Wickman,0.0
Tom Glavine,0.0
Brian Duensing,0.0
Jeremy Guthrie,0.0
Kyle Davies,0.0
Clayton Richard,0.0
Jorge Sosa,0.0
Johnny Cueto,0.0
Paul Maholm,0.0
Kyle Davies,0.0
J.J. Putz,0.0
Luke Hudson,0.0
Ian Snell,0.0
Brandon Lyon,0.0
Chris Volstad,0.0
Roger Clemens,0.0
Cha Seung Baek,0.0
Ryan Rowland-Smith,0.0
Clayton Kershaw,0.0
Kyle Lohse,0.0
Jonny Venters,0.0
Chad Bradford,0.0
Huston Street,0.0
Bob Howry,0.0
Justin Masterson,0.0
Cha Seung Baek,0.0
Lee Gardner,0.0
Kiko Calero,0.0
Freddy Garcia,0.0
Chan Ho Park,0.0
Kiko Calero,0.0
Francisco Cordero,0.0
Francisco Rodriguez,0.0
Justin Duchscherer,0.0
George Sherrill,0.0
Darren Oliver,0.0
Jason Marquis,0.0
Freddy Garcia,0.0
Braden Looper,0.0
Tyler Clippard,0.0
Aaron Cook,0.0
Brian Moehler,0.0
Alfredo Aceves,0.0
Kevin Slowey,0.0
A.J. Burnett,0.0
Orlando Hernandez,0.0
John Lannan,0.0
John Lannan,0.0
Doug Davis,0.0
Russ Springer,0.0
Joe Saunders,0.0
Paul Maholm,0.0
Jason Frasor,0.0
Chris Young,0.0
Greg Smith,0.0
Odalis Perez,0.0
Peter Moylan,0.0
Francisco Liriano,0.0
Rich Hill,0.0
Nick Masset,0.0
Huston Street,0.0
Francisco Rodriguez,0.0
Jonathan Broxton,0.0
Rafael Betancourt,0.0
Luke Gregerson,0.0
Shawn Hill,0.0
Juan Gutierrez,0.0
Jeff Francis,0.0
Elizardo Ramirez,0.0
Juan Rincon,0.0
Matt Lindstrom,0.0
Frank Francisco,0.0
Jon Lieber,0.0
Carlos Marmol,0.0
Jose Valverde,0.0
Hong-Chih Kuo,0.0
Bobby Jenks,0.0
Rick Porcello,0.0
Edwin Jackson,0.0
Jon Garland,0.0
John Lackey,0.0
Jeff Niemann,0.0
David Huff,0.0
Francisco Cordero,0.0
David Price,0.0
Josh Fogg,0.0
Barry Zito,0.0
Dave Bush,0.0
Jorge De La Rosa,0.0
Homer Bailey,0.0
Noah Lowry,0.0
Brian Tallet,0.0
Tim Stauffer,0.0
J.P. Howell,0.0
Luke Hochevar,0.0
Odalis Perez,0.0
Charlie Morton,0.0
Ryan Madson,0.0
Juan Oviedo,0.0
Kevin Millwood,0.0
Clay Hensley,0.0
Michael Gonzalez,0.0
Jon Rauch,0.0
Enrique Gonzalez,0.0
John Smoltz,0.0
Joakim Soria,0.0
Darren O'Day,0.0
Takashi Saito,0.0
David Weathers,0.0
Rafael Perez,0.0
Daniel Bard,0.0
Ross Detwiler,0.0
Trevor Hoffman,0.0
Noah Lowry,0.0
Armando Galarraga,0.0
Woody Williams,0.0
Cory Lidle,0.0
Ross Ohlendorf,0.0
Ricky Nolasco,0.0
Mark Redman,0.0
Mitch Talbot,0.0
Tim Redding,0.0
Joe Saunders,0.0
Aaron Sele,0.0
Geoff Geary,0.0
Mike Stanton,0.0
Tim Wakefield,0.0
Taylor Buchholz,0.0
Ryan Madson,0.0
Scott Proctor,0.0
Heath Bell,0.0
Kris Medlen,0.0
Kevin Jepsen,0.0
Kameron Loe,0.0
Sergio Romo,0.0
Matt Capps,0.0
Darren Oliver,0.0
Chad Durbin,0.0
Wilton Lopez,0.0
Ryan Madson,0.0
Justin Miller,0.0
Alex Sanabia,0.0
D.J. Carrasco,0.0
Saul Rivera,0.0
Damaso Marte,0.0
Brett Myers,0.0
Jarrod Washburn,0.0
Edwin Jackson,0.0
Manny Corpas,0.0
Jeremy Accardo,0.0
Rafael Perez,0.0
Joel Hanrahan,0.0
Saul Rivera,0.0
Tim Wakefield,0.0
Brett Tomko,0.0
Carlos Silva,0.0
Bobby Jenks,0.0
Joba Chamberlain,0.0
Grant Balfour,0.0
Adam Wainwright,0.0
Trevor Bell,0.0
Esmil Rogers,0.0
Sean Burnett,0.0
Joaquin Benoit,0.0
Jon Garland,0.0
Vicente Padilla,0.0
Shaun Marcum,0.0
Bruce Chen,0.0
Chris Volstad,0.0
Jose Arredondo,0.0
Kyle Kendrick,0.0
Tim Wakefield,0.0
Braden Looper,0.0
Wandy Rodriguez,0.0
Brian Moehler,0.0
Odalis Perez,0.0
Huston Street,0.0
Sean Marshall,0.0
Aaron Laffey,0.0
Jair Jurrjens,0.0
Scott Feldman,0.0
Darren O'Day,0.0
Brandon Lyon,0.0
Jose Valverde,0.0
Frank Francisco,0.0
Micah Owings,0.0
Cla Meredith,0.0
Michael Gonzalez,0.0
Scott Downs,0.0
Matt Garza,0.0
Brandon McCarthy,0.0
Sean Gallagher,0.0
Darrell Rasner,0.0
Scott Downs,0.0
Alan Embree,0.0
Chad Bradford,0.0
Kevin Correia,0.0
Ramon Ramirez,0.0
Robinson Tejeda,0.0
Craig Stammen,0.0
Hideki Okajima,0.0
Salomon Torres,0.0
Jason Davis,0.0
Randy Flores,0.0
Tony Pena,0.0
Kyle Farnsworth,0.0
Garrett Mock,0.0
Matt Capps,0.0
Rafael Soriano,0.0
Manny Delcarmen,0.0
Alan Embree,0.0
Brad Lidge,0.0
Scott Downs,0.0
Max Scherzer,0.0
Kevin Gregg,0.0
Josh Beckett,0.0
Wade Davis,0.0
David Wells,0.0
Brian Bannister,0.0
Scott Olsen,0.0
Brett Tomko,0.0
Sean West,0.0
Boof Bonser,0.0
Eric Milton,0.0
Scott Linebrink,0.0
Phil Coke,0.0
Boof Bonser,0.0
Justin Germano,0.0
Brandon McCarthy,0.0
Joe Saunders,0.0
Jon Lester,0.0
Zach Miner,0.0
Luke Hochevar,0.0
J.A. Happ,0.0
Todd Coffey,0.0
Casey Janssen,0.0
Aaron Cook,0.0
Gio Gonzalez,0.0
Bartolo Colon,0.0
Francisco Cordero,0.0
Cla Meredith,0.0
Dustin Nippert,0.0
Jonathan Broxton,0.0
Phil Hughes,0.0
Nick Masset,0.0
Will Ohman,0.0
Joe Beimel,0.0
Jon Rauch,0.0
Derrick Turnbow,0.0
John Rheinecker,0.0
Hideki Okajima,0.0
Jason Grilli,0.0
Brad Penny,0.0
Wil Ledezma,0.0
Jim Johnson,0.0
Mike Adams,0.0
Justin Speier,0.0
Brad Ziegler,0.0
Mark Lowe,0.0
Kevin Correia,0.0
Chad Qualls,0.0
Tom Gorzelanny,0.0
Todd Jones,0.0
Kevin Jepsen,0.0
Manny Delcarmen,0.0
Arthur Rhodes,0.0
Jason Frasor,0.0
Joel Hanrahan,0.0
Joe Saunders,0.0
Tommy Hunter,0.0
Livan Hernandez,0.0
Ryan Madson,0.0
Manny Parra,0.0
Dontrelle Willis,0.0
Tony Armas Jr.,0.0
Garrett Olson,0.0
David Hernandez,0.0
John Lannan,0.0
Ervin Santana,0.0
Sidney Ponson,0.0
Pedro Feliciano,0.0
Darren Oliver,0.0
Pat Neshek,0.0
Aaron Heilman,0.0
Jeremy Sowers,0.0
Burke Badenhop,0.0
Kip Wells,0.0
Jeff Weaver,0.0
Nate Robertson,0.0
Jeff Fulchino,0.0
John Maine,0.0
Erik Bedard,0.0
Jake Arrieta,0.0
Kyle Lohse,0.0
Gil Meche,0.0
Jeremy Sowers,0.0
Josh Beckett,0.0
Brian Burres,0.0
Dennys Reyes,0.0
Matt Thornton,0.0
Ryan Rowland-Smith,0.0
Vinnie Chulk,0.0
Jonathan Papelbon,0.0
Rodrigo Lopez,0.0
Horacio Ramirez,0.0
Danys Baez,0.0
Jason Hirsh,0.0
Glendon Rusch,0.0
Victor Santos,0.0
Ryan Franklin,0.0
Arthur Rhodes,0.0
Josh Outman,0.0
Jesse Crain,0.0
Eric Gagne,0.0
Ubaldo Jimenez,0.0
Dustin Moseley,0.0
Matt Thornton,0.0
Tomo Ohka,0.0
Joe Nelson,0.0
Brian Fuentes,0.0
Brian Fuentes,0.0
Jason Frasor,0.0
Kris Medlen,0.0
David Wells,0.0
Boof Bonser,0.0
Casey Janssen,0.0
Sergio Santos,0.0
Brian Tallet,0.0
Ross Ohlendorf,0.0
Bobby Seay,0.0
Ryan Dempster,0.0
Shawn Hill,0.0
Dallas Braden,0.0
Randy Wolf,0.0
Mike Leake,0.0
J.P. Howell,0.0
Chan Ho Park,0.0
Ian Snell,0.0
Joel Pineiro,0.0
Julian Tavarez,0.0
Mike Hampton,0.0
Mark Hendrickson,0.0
John Koronka,0.0
Ervin Santana,0.0
Chad Qualls,0.0
Tony Pena,0.0
Seth McClung,0.0
Vicente Padilla,0.0
Jason Bergmann,0.0
Jamey Wright,0.0
Aaron Harang,0.0
Glen Perkins,0.0
Duaner Sanchez,0.0
Ramon Troncoso,0.0
Brad Lidge,0.0
Brian Duensing,0.0
Grant Balfour,0.0
Jose Valverde,0.0
Todd Coffey,0.0
Scot Shields,0.0
Edinson Volquez,0.0
Craig Stammen,0.0
Jimmy Gobble,0.0
Ryan Webb,0.0
Jason Berken,0.0
Matt Lindstrom,0.0
Jamie Walker,0.0
Kyle Farnsworth,0.0
Robinson Tejeda,0.0
Rafael Betancourt,0.0
LaTroy Hawkins,0.0
Derek Holland,0.0
Aaron Fultz,0.0
Bobby Livingston,0.0
Jason Johnson,0.0
Chris Perez,0.0
B.J. Ryan,0.0
Pedro Feliciano,0.0
Kevin Gregg,0.0
Marc Rzepczynski,0.0
Jason Bergmann,0.0
Joel Peralta,0.0
Matt Daley,0.0
Kenshin Kawakami,0.0
Dan Wheeler,0.0
Jamie Moyer,0.0
Chuck James,0.0
Claudio Vargas,0.0
Chad Gaudin,0.0
Kenny Rogers,0.0
Zach Miner,0.0
Jeremy Bonderman,0.0
Derek Holland,0.0
Nelson Figueroa,0.0
Kevin Gregg,0.0
Hector Carrasco,0.0
Jon Rauch,0.0
Chad Billingsley,0.0
Doug Brocail,0.0
John Maine,0.0
Joel Hanrahan,0.0
Josh Tomlin,0.0
Vicente Padilla,0.0
Taylor Buchholz,0.0
Evan Meek,0.0
Tony Pena,0.0
Brandon Medders,0.0
Sean Green,0.0
Francisco Liriano,0.0
Ryan Franklin,0.0
Drew Storen,0.0
Mark DiFelice,0.0
Anibal Sanchez,0.0
Carlos Villanueva,0.0
Ben Sheets,0.0
Sean Green,0.0
John Ely,0.0
Pedro Feliciano,0.0
Octavio Dotel,0.0
Tom Gordon,0.0
Rick Bauer,0.0
Joe Borowski,0.0
Sean Marshall,0.0
Nelson Figueroa,0.0
Kevin Gregg,0.0
Sean Marshall,0.0
LaTroy Hawkins,0.0
Manny Corpas,0.0
Brandon League,0.0
Brandon Lyon,0.0
Andrew Miller,0.0
Matt Albers,0.0
Zach Duke,0.0
Kameron Loe,0.0
Russ Springer,0.0
Matt Guerrier,0.0
Justin Hampson,0.0
C.J. Wilson,0.0
Carlos Marmol,0.0
Michael Wuertz,0.0
Brandon Lyon,0.0
Mitchell Boggs,0.0
Tom Martin,0.0
Jeremy Accardo,0.0
Brian Tallet,0.0
Jesse Crain,0.0
Todd Jones,0.0
Chris Britton,0.0
Matt Palmer,0.0
Paul Byrd,0.0
Kris Benson,0.0
Brad Bergesen,0.0
Woody Williams,0.0
Scott Richmond,0.0
Santiago Casilla,0.0
Jesse Carlson,0.0
Jesse Litsch,0.0
Clay Buchholz,0.0
Eric O'Flaherty,0.0
Brian Burres,0.0
Scot Shields,0.0
Brandon Lyon,0.0
Pedro Feliciano,0.0
Juan Cruz,0.0
Jose Contreras,0.0
Jason Bulger,0.0
Jeff Weaver,0.0
John Danks,0.0
Jason Berken,0.0
Dallas Braden,0.0
Tim Corcoran,0.0
Elmer Dessens,0.0
Jason Grilli,0.0
Josh Towers,0.0
Scott Baker,0.0
Ronald Belisario,0.0
Jason Motte,0.0
Jason Isringhausen,0.0
Luis Vizcaino,0.0
Macay McBride,0.0
Octavio Dotel,0.0
David Robertson,0.0
Chris Capuano,0.0
John Grabow,0.0
Eddie Guardado,0.0
Chris Sampson,0.0
Joe Borowski,0.0
Billy Buckner,0.0
Kyle Lohse,0.0
Sean White,0.0
Rafael Soriano,0.0
Jeff Bennett,0.0
Francisco Rodriguez,0.0
Darren Oliver,0.0
Matt Wise,0.0
Brian Wilson,0.0
Matt Garza,0.0
Brandon Claussen,0.0
Jeremy Affeldt,0.0
Jose Mijares,0.0
Geoff Geary,0.0
Kevin Cameron,0.0
Trever Miller,0.0
Eric O'Flaherty,0.0
Buddy Carlyle,0.0
Ruddy Lugo,0.0
Fernando Rodney,0.0
Jeremy Affeldt,0.0
Damaso Marte,0.0
Will Ohman,0.0
Joel Peralta,0.0
Jesse Carlson,0.0
Steve Trachsel,0.0
Scott Olsen,0.0
Matt Capps,0.0
Lenny DiNardo,0.0
Buddy Carlyle,0.0
Roberto Hernandez,0.0
Fernando Rodney,0.0
Hideki Okajima,0.0
Rudy Seanez,0.0
Francisco Cordero,0.0
Scott Downs,0.0
Bud Norris,0.0
Brad Thompson,0.0
Peter Moylan,0.0
Jared Burton,0.0
Jesse Crain,0.0
Shawn Chacon,0.0
Aaron Laffey,0.0
Robinson Tejeda,0.0
Dave Bush,0.0
Javier Lopez,0.0
Juan Cruz,0.0
Jon Rauch,0.0
Aquilino Lopez,0.0
Casey Coleman,0.0
Armando Galarraga,0.0
Eric Stults,0.0
Bobby Parnell,0.0
Vin Mazzaro,0.0
Carlos Villanueva,0.0
Scott Olsen,0.0
Adam Eaton,0.0
Matt Harrison,0.0
Sidney Ponson,0.0
Brad Ziegler,0.0
Ron Mahay,0.0
Zach Miner,0.0
Dan Meyer,0.0
Chad Cordero,0.0
Edward Mujica,0.0
Lance Cormier,0.0
Chris Bootcheck,0.0
Phil Dumatrait,0.0
Collin Balester,0.0
David Purcey,0.0
Russ Ortiz,0.0
Rich Hill,0.0
Justin Speier,0.0
Jose Valverde,0.0
Bob Howry,0.0
Shawn Camp,0.0
Carlos Villanueva,0.0
Kyle McClellan,0.0
Randy Messenger,0.0
Aaron Laffey,0.0
Tyler Yates,0.0
Zach Jackson,0.0
Shane Loux,0.0
Anthony Reyes,0.0
Brett Tomko,0.0
Glen Perkins,0.0
Chuck James,0.0
Kyle Kendrick,0.0
Matt Harrison,0.0
Craig Breslow,0.0
Carlos Villanueva,0.0
Wade LeBlanc,0.0
Randy Johnson,0.0
Jamey Wright,0.0
Kyle Davies,0.0
Jorge De La Rosa,0.0
Joel Pineiro,0.0
Joel Pineiro,0.0
Shawn Camp,0.0
Steve Trachsel,0.0
Adam Eaton,0.0
Roy Corcoran,0.0
Mark Hendrickson,0.0
Kason Gabbard,0.0
Luis Atilano,0.0
Casey Fossum,0.0
Sean Marshall,0.0
Nate Robertson,0.0
Brian Shouse,0.0
Ron Mahay,0.0
Edwar Ramirez,0.0
Chad Bradford,0.0
Craig Breslow,0.0
Daniel Herrera,0.0
Jeremy Affeldt,0.0
Tim Stauffer,0.0
Jamey Wright,0.0
Jim Johnson,0.0
Joe Kennedy,0.0
Marc Rzepczynski,0.0
Jeremy Sowers,0.0
Kameron Loe,0.0
Brandon Morrow,0.0
Clay Zavada,0.0
Bill Bray,0.0
Kenny Rogers,0.0
Santiago Casilla,0.0
Manny Corpas,0.0
Dave Borkowski,0.0
George Sherrill,0.0
Mike O'Connor,0.0
Mike Hampton,0.0
Matt Herges,0.0
Jack Taschner,0.0
Mike Pelfrey,0.0
Shane Youman,0.0
Kevin Correia,0.0
Cory Wade,0.0
Ryan Madson,0.0
Chad Paronto,0.0
Ryan Speier,0.0
Jorge Julio,0.0
Oscar Villarreal,0.0
John Thomson,0.0
Jason Jennings,0.0
Clay Buchholz,0.0
Dustin Moseley,0.0
LaTroy Hawkins,0.0
Russ Springer,0.0
Frank Francisco,0.0
Mark Hendrickson,0.0
Roberto Hernandez,0.0
Roberto Hernandez,0.0
Mike Stanton,0.0
Doug Waechter,0.0
J.P. Howell,0.0
Edgar Gonzalez,0.0
Luis Vizcaino,0.0
Edgar Gonzalez,0.0
Jeff Weaver,0.0
Ramon Ramirez,0.0
Salomon Torres,0.0
Chris Sampson,0.0
Brian Moehler,0.0
Rafael Perez,0.0
Ryan Franklin,0.0
Joe Smith,0.0
Scott Feldman,0.0
J.D. Durbin,0.0
Brandon Medders,0.0
Casey Janssen,0.0
Jesus Colome,0.0
Pedro Martinez,0.0
Andrew Miller,0.0
Pedro Astacio,0.0
Jimmy Gobble,0.0
David Weathers,0.0
Kyle McClellan,0.0
Chan Ho Park,0.0
Doug Waechter,0.0
Mat Latos,0.0
Jeanmar Gomez,0.0
Luke French,0.0
Jeff Karstens,0.0
Daisuke Matsuzaka,0.0
Kyle Snyder,0.0
Takashi Saito,0.0
Clay Condrey,0.0
Keiichi Yabu,0.0
Bob Wickman,0.0
D.J. Carrasco,0.0
Brandon Morrow,0.0
Kerry Wood,0.0
Jeremy Bonderman,0.0
John Grabow,0.0
Jason Vargas,0.0
Jeff Karstens,0.0
Manny Parra,0.0
Shaun Marcum,0.0
Tim Redding,0.0
Jason Hammel,0.0
Steven Shell,0.0
Santiago Casilla,0.0
Jon Adkins,0.0
Burke Badenhop,0.0
Jeff Karstens,0.0
Matt Herges,0.0
Matt Lindstrom,0.0
Carlos Villanueva,0.0
Anibal Sanchez,0.0
John Parrish,0.0
Brad Thompson,0.0
Joe Beimel,0.0
Brian Fuentes,0.0
Ron Mahay,0.0
David Herndon,0.0
Jared Burton,0.0
Bartolo Colon,0.0
Sidney Ponson,0.0
Cla Meredith,0.0
Blaine Boyer,0.0
Livan Hernandez,0.0
Ramon Ortiz,0.0
Trevor Cahill,0.0
Kevin Correia,0.0
Nick Blackburn,0.0
Brandon League,0.0
Jamie Moyer,0.0
Dave Bush,0.0
Daniel Cabrera,0.0
Chad Qualls,0.0
Jake Woods,0.0
Zach Miner,0.0
Jesse Crain,0.0
Brett Cecil,0.0
Bob Howry,0.0
Kyle Davies,0.0
Brendan Donnelly,0.0
Mike Timlin,0.0
Tyler Yates,0.0
Armando Galarraga,0.0
Matt Guerrier,0.0
Dan Wheeler,0.0
Jose Veras,0.0
Duaner Sanchez,0.0
Tyler Walker,0.0
Anthony Reyes,0.0
Tony Pena,0.0
Shairon Martis,0.0
Matt Clement,0.0
Brian Sanches,0.0
Shawn Camp,0.0
Steve Kline,0.0
Cla Meredith,0.0
Aaron Heilman,0.0
Fernando Rodney,0.0
Phil Coke,0.0
Micah Bowie,0.0
Jon Lester,0.0
Gary Majewski,0.0
Kevin Slowey,0.0
Scott Schoeneweis,0.0
Brian Burres,0.0
Charlie Morton,0.0
Lance Cormier,0.0
John Grabow,0.0
Ryan Perry,0.0
Tim Redding,0.0
Bobby Jenks,0.0
Josh Hancock,0.0
Doug Fister,0.0
Bartolo Colon,0.0
Yusmeiro Petit,0.0
Jason Frasor,0.0
Esmerling Vasquez,0.0
Todd Wellemeyer,0.0
Yusmeiro Petit,0.0
Chris Waters,0.0
Rafael Betancourt,0.0
Jo-Jo Reyes,0.0
Yusmeiro Petit,0.0
Dustin Nippert,0.0
Luis Mendoza,0.0
Joe Beimel,0.0
LaTroy Hawkins,0.0
Scott Eyre,0.0
Jesus Colome,0.0
Ryan Dempster,0.0
Todd Coffey,0.0
Randy Messenger,0.0
Guillermo Mota,0.0
Blaine Boyer,0.0
Ramon Ramirez,0.0
Scott Eyre,0.0
Chris Perez,0.0
Guillermo Mota,0.0
Carlos Fisher,0.0
Freddy Garcia,0.0
Kyle Kendrick,0.0
Julio Mateo,0.0
Zach Duke,0.0
Chad Cordero,0.0
Matt Chico,0.0
Tom Mastny,0.0
Rodrigo Lopez,0.0
Justin Masterson,0.0
Brad Thomas,0.0
Brad Penny,0.0
Matt Guerrier,0.0
Logan Ondrusek,0.0
James McDonald,0.0
Guillermo Mota,0.0
Matt Albers,0.0
Brad Halsey,0.0
Clay Condrey,0.0
Dave Borkowski,0.0
Ramon Ortiz,0.0
Cliff Lee,0.0
Dave Williams,0.0
Tyler Clippard,0.0
Chris Ray,0.0
Chad Gaudin,0.0
Dan Wheeler,0.0
Brad Hennessey,0.0
Chad Durbin,0.0
Danys Baez,0.0
Jeremy Affeldt,0.0
Lance Cormier,0.0
Rick White,0.0
Rick VandenHurk,0.0
Angel Guzman,0.0
Brad Ziegler,0.0
Saul Rivera,0.0
Guillermo Mota,0.0
Octavio Dotel,0.0
Fernando Nieve,0.0
Logan Kensing,0.0
Rick VandenHurk,0.0
Scott Linebrink,0.0
Josh Banks,0.0
Raul Valdes,0.0
Mike Burns,0.0
Felipe Paulino,0.0
Oliver Perez,0.0
Sergio Mitre,0.0
Brian Sanches,0.0
Javier Lopez,0.0
Mitchell Boggs,0.0
Renyel Pinto,0.0
Nick Masset,0.0
Jason Jennings,0.0
Brandon Morrow,0.0
Fernando Rodney,0.0
Mike Lincoln,0.0
Kason Gabbard,0.0
Brad Thompson,0.0
Kip Wells,0.0
Salomon Torres,0.0
Luis Ayala,0.0
Scott Olsen,0.0
David Riske,0.0
Russ Springer,0.0
Dusty Hughes,0.0
Kanekoa Texeira,0.0
Brian Moehler,0.0
Julian Tavarez,0.0
Jonathan Sanchez,0.0
Ryan Perry,0.0
Wil Ledezma,0.0
Angel Guzman,0.0
Jeff Suppan,0.0
Javier Vazquez,0.0
Oscar Villarreal,0.0
Horacio Ramirez,0.0
Todd Wellemeyer,0.0
John Grabow,0.0
Vin Mazzaro,0.0
Jason Simontacchi,0.0
Andy Sonnanstine,0.0
Doug Brocail,0.0
Chris Ray,0.0
Brett Tomko,0.0
Julian Tavarez,0.0
Aaron Heilman,0.0
Manny Delcarmen,0.0
Luke French,0.0
Roberto Hernandez,0.0
Renyel Pinto,0.0
Darren Oliver,0.0
David Pauley,0.0
Jose Capellan,0.0
Chan Ho Park,0.0
Brandon McCarthy,0.0
Dennis Sarfate,0.0
Mike Thompson,0.0
Willie Eyre,0.0
Chris Young,0.0
Kevin Hart,0.0
Geremi Gonzalez,0.0
Matt Albers,0.0
Tony Armas Jr.,0.0
Derrick Turnbow,0.0
Brian Tallet,0.0
Blaine Boyer,0.0
Jae Seo,0.0
Aaron Sele,0.0
Dana Eveland,0.0
Chad Qualls,0.0
J.C. Romero,0.0
Brian Sweeney,0.0
Mike Timlin,0.0
Edward Mujica,0.0
Jason Grilli,0.0
Chris Spurling,0.0
Alan Embree,0.0
Boone Logan,0.0
Gary Glover,0.0
Wes Obermueller,0.0
Clay Hensley,0.0
Matt Guerrier,0.0
Brian Moehler,0.0
Jamey Wright,0.0
Ron Villone,0.0
Bobby Keppel,0.0
Mark Lowe,0.0
Bruce Chen,0.0
Sergio Mitre,0.0
Jensen Lewis,0.0
Jorge Julio,0.0
Adam Eaton,0.0
Chris Volstad,0.0
Miguel Batista,0.0
Micah Owings,0.0
Chris Jakubauskas,0.0
Mike Maroth,0.0
J.D. Martin,0.0
Robinson Tejeda,0.0
J.C. Romero,0.0
Masa Kobayashi,0.0
Eddie Bonine,0.0
Randy Wolf,0.0
Pedro Feliciano,0.0
Scott Linebrink,0.0
Ron Villone,0.0
Jeff Suppan,0.0
Juan Cruz,0.0
Sean Burnett,0.0
Tyler Yates,0.0
Brian Stokes,0.0
Al Reyes,0.0
Armando Benitez,0.0
Tomo Ohka,0.0
Kyle McClellan,0.0
Gavin Floyd,0.0
Jeremy Sowers,0.0
Ross Ohlendorf,0.0
Jason Bergmann,0.0
Byung-Hyun Kim,0.0
Chad Durbin,0.0
Barry Enright,0.0
Gary Glover,0.0
Seth McClung,0.0
Radhames Liz,0.0
Brad Hennessey,0.0
R.A. Dickey,0.0
Joel Hanrahan,0.0
Jason Motte,0.0
Mike Myers,0.0
John Rheinecker,0.0
Sean O'Sullivan,0.0
Rob Bell,0.0
David Aardsma,0.0
Andy Sonnanstine,0.0
Brian Bruney,0.0
Matt Harrison,0.0
Rudy Seanez,0.0
Ronald Belisario,0.0
Fernando Cabrera,0.0
Mike Wood,0.0
Anthony Swarzak,0.0
Jae Seo,0.0
Kyle Davies,0.0
Scott Atchison,0.0
Kyle Farnsworth,0.0
Shawn Chacon,0.0
Chris Tillman,0.0
Dontrelle Willis,0.0
Chris Tillman,0.0
Jesse Chavez,0.0
Todd Wellemeyer,0.0
Sean Green,0.0
Ken Ray,0.0
Pat Misch,0.0
Brian Bannister,0.0
Peter Moylan,0.0
Ryan Franklin,0.0
Kevin Gregg,0.0
Jorge De La Rosa,0.0
Casey Fossum,0.0
Dustin Nippert,0.0
Guillermo Mota,0.0
Jason Hammel,0.0
Wesley Wright,0.0
Jose Veras,0.0
Matt Capps,0.0
Sean O'Sullivan,0.0
Franquelis Osoria,0.0
Geoff Geary,0.0
Pat Misch,0.0
Aaron Heilman,0.0
Mike Wood,0.0
Todd Williams,0.0
Roman Colon,0.0
David Huff,0.0
Charlie Morton,0.0
Jose Mesa,0.0
Mike MacDougal,0.0
Esmerling Vasquez,0.0
Brad Lincoln,0.0
Daniel Cabrera,0.0
Gustavo Chacin,0.0
Brandon Backe,0.0
Kirk Saarloos,0.0
Jeff Suppan,0.0
Brian Bass,0.0
Justin Lehr,0.0
Carlos Marmol,0.0
David Weathers,0.0
Dustin Moseley,0.0
Justin Miller,0.0
Manny Acosta,0.0
Jamey Wright,0.0
Juan Rincon,0.0
Josh Rupe,0.0
Wil Ledezma,0.0
Juan Rincon,0.0
Scott Schoeneweis,0.0
Tim Byrdak,0.0
Ron Mahay,0.0
Chad Durbin,0.0
Jensen Lewis,0.0
Tom Glavine,0.0
Jo-Jo Reyes,0.0
Kei Igawa,0.0
Jason Marquis,0.0
Josh Fogg,0.0
Miguel Batista,0.0
R.A. Dickey,0.0
Willie Eyre,0.0
Andy Sisco,0.0
Scott Schoeneweis,0.0
Gil Meche,0.0
Braden Looper,0.0
Jason Marquis,0.0
Carlos Silva,0.0
Jeremy Affeldt,0.0
Mark Mulder,0.0
Scott Proctor,0.0
Scott Linebrink,0.0
Jesse Chavez,0.0
Brian Bass,0.0
Brett Myers,0.0
Denny Bautista,0.0
Brian Meadows,0.0
Kyle Snyder,0.0
Ramon Troncoso,0.0
Renyel Pinto,0.0
Jose Mesa,0.0
Josh Towers,0.0
Tim Byrdak,0.0
Sean Burnett,0.0
Neal Cotts,0.0
Joe Mays,0.0
Ryan Franklin,0.0
Runelvys Hernandez,0.0
Rich Harden,0.0
David Weathers,0.0
Blake Hawksworth,0.0
David Hernandez,0.0
Gavin Floyd,0.0
Manny Delcarmen,0.0
Roberto Novoa,0.0
Andrew Cashner,0.0
Sean Gallagher,0.0
Greg Reynolds,0.0
Luis Perdomo,0.0
Matt Guerrier,0.0
Lance Cormier,0.0
Carlos Monasterios,0.0
Oliver Perez,0.0
Kyle Farnsworth,0.0
Todd Coffey,0.0
Daniel McCutchen,0.0
Bruce Chen,0.0
Brad Lidge,0.0
Juan Oviedo,0.0
Garrett Olson,0.0
Todd Wellemeyer,0.0
Tony Sipp,0.0
Brian Stokes,0.0
Victor Santos,0.0
Tomo Ohka,0.0
Joel Peralta,0.0
Scott Kazmir,0.0
Brad Thompson,0.0
Mike Bacsik,0.0
Jason Isringhausen,0.0
Seth McClung,0.0
Jorge Sosa,0.0
Glendon Rusch,0.0
Justin Speier,0.0
Danys Baez,0.0
Tom Gorzelanny,0.0
Russ Ortiz,0.0
Shawn Chacon,0.0
Mike Maroth,0.0
Scott Elarton,0.0
Chad Gaudin,0.0
Juan Gutierrez,0.0
Ambiorix Burgos,0.0
Josh Geer,0.0
Brian Tallet,0.0
Miguel Batista,0.0
Ryan Rowland-Smith,0.0
Clayton Kershaw,0.0
Roy Halladay,0.0
Chris Sale,0.0
Clayton Kershaw,1.0
Corey Kluber,1.0
Jake Arrieta,1.0
Corey Kluber,1.0
Clayton Kershaw,1.0
Clayton Kershaw,1.0
Cliff Lee,0.0
Justin Verlander,0.0
Adam Wainwright,0.0
David Price,0.0
Clayton Kershaw,0.0
Matt Harvey,0.0
Justin Verlander,1.0
CC Sabathia,0.0
Max Scherzer,0.0
Noah Syndergaard,0.0
Jose Fernandez,0.0
Max Scherzer,1.0
Max Scherzer,1.0
Dan Haren,0.0
Felix Hernandez,0.0
Felix Hernandez,0.0
Chris Sale,0.0
David Price,0.0
Anibal Sanchez,0.0
Dallas Keuchel,1.0
Phil Hughes,0.0
Clayton Kershaw,0.0
Zack Greinke,0.0
Luis Severino,0.0
Max Scherzer,1.0
Jered Weaver,0.0
Stephen Strasburg,0.0
Felix Hernandez,0.0
Jon Lester,0.0
Corey Kluber,0.0
Gerrit Cole,0.0
Johnny Cueto,0.0
Carlos Carrasco,0.0
Cliff Lee,0.0
Jordan Zimmermann,0.0
Rick Porcello,1.0
Madison Bumgarner,0.0
Max Scherzer,0.0
Justin Verlander,0.0
Jacob deGrom,0.0
Chris Sale,0.0
Chris Archer,0.0
Corey Kluber,0.0
Zack Greinke,0.0
Doug Fister,0.0
Jose Quintana,0.0
Gio Gonzalez,0.0
David Price,1.0
R.A. Dickey,1.0
Zack Greinke,0.0
Matt Cain,0.0
Jon Lester,0.0
Jake Arrieta,0.0
Cliff Lee,0.0
Adam Wainwright,0.0
Chris Sale,0.0
C.J. Wilson,0.0
Madison Bumgarner,0.0
Cole Hamels,0.0
Madison Bumgarner,0.0
Justin Verlander,0.0
Chris Sale,0.0
Matt Garza,0.0
Ian Kennedy,0.0
Mat Latos,0.0
Felix Hernandez,0.0
Carlos Carrasco,0.0
Jimmy Nelson,0.0
Chris Carpenter,0.0
Johnny Cueto,0.0
Chris Sale,0.0
CC Sabathia,0.0
Masahiro Tanaka,0.0
Jose Quintana,0.0
Johnny Cueto,0.0
Clayton Kershaw,0.0
Cole Hamels,0.0
Daniel Hudson,0.0
Yu Darvish,0.0
Jose Quintana,0.0
James Paxton,0.0
David Price,0.0
Kyle Hendricks,0.0
James Shields,0.0
Stephen Strasburg,0.0
Yu Darvish,0.0
Chris Archer,0.0
Cole Hamels,0.0
Max Scherzer,0.0
Matt Harvey,0.0
David Price,0.0
Jake Peavy,0.0
David Price,0.0
Brandon McCarthy,0.0
Jon Lester,0.0
Zack Greinke,0.0
Jacob deGrom,0.0
Garrett Richards,0.0
Tyson Ross,0.0
Derek Holland,0.0
Cole Hamels,0.0
James Shields,0.0
Doug Fister,0.0
Cole Hamels,0.0
Justin Masterson,0.0
Aaron Nola,0.0
A.J. Burnett,0.0
Wade Miley,0.0
Justin Verlander,0.0
Adam Wainwright,0.0
Jose Fernandez,0.0
Homer Bailey,0.0
Jeff Samardzija,0.0
Madison Bumgarner,0.0
Stephen Strasburg,0.0
Stephen Strasburg,0.0
Tim Lincecum,0.0
James Shields,0.0
Johnny Cueto,0.0
Zack Greinke,0.0
Hisashi Iwakuma,0.0
Jhoulys Chacin,0.0
Jose Quintana,0.0
Bartolo Colon,0.0
Jake Arrieta,0.0
Hiroki Kuroda,0.0
Aaron Sanchez,0.0
Sonny Gray,0.0
Hyun-Jin Ryu,0.0
Madison Bumgarner,0.0
Rich Hill,0.0
Mat Latos,0.0
Jeff Samardzija,0.0
Jordan Zimmermann,0.0
Collin McHugh,0.0
Matt Cain,0.0
Lance Lynn,0.0
Matt Harrison,0.0
Francisco Liriano,0.0
Hiroki Kuroda,0.0
Gio Gonzalez,0.0
Yu Darvish,0.0
Yovani Gallardo,0.0
Kyle Lohse,0.0
Hyun-Jin Ryu,0.0
John Lackey,0.0
Jarrod Parker,0.0
Shaun Marcum,0.0
Dallas Keuchel,0.0
Kris Medlen,0.0
Yu Darvish,0.0
Jon Gray,0.0
Kenley Jansen,0.0
Alex Wood,0.0
Jon Lester,0.0
Patrick Corbin,0.0
Justin Masterson,0.0
Mike Minor,0.0
Edwin Jackson,0.0
Michael Pineda,0.0
Michael Fulmer,0.0
Jacob deGrom,0.0
Jose Quintana,0.0
Danny Duffy,0.0
Matt Shoemaker,0.0
Marcus Stroman,0.0
Zack Godley,0.0
Anibal Sanchez,0.0
James Paxton,0.0
Tim Hudson,0.0
Zack Greinke,0.0
Lance Lynn,0.0
Gio Gonzalez,0.0
Carlos Martinez,0.0
Brad Peacock,0.0
Ubaldo Jimenez,0.0
Jaime Garcia,0.0
Ian Kennedy,0.0
Stephen Strasburg,0.0
J.A. Happ,0.0
Hiroki Kuroda,0.0
Doug Fister,0.0
Anibal Sanchez,0.0
Jordan Zimmermann,0.0
Kyle Hendricks,0.0
Shelby Miller,0.0
Tanner Roark,0.0
Francisco Liriano,0.0
Carlos Martinez,0.0
Kenta Maeda,0.0
Josh Beckett,0.0
Marcus Stroman,0.0
Alexi Ogando,0.0
Mark Buehrle,0.0
Jordan Zimmermann,0.0
Carlos Martinez,0.0
Stephen Strasburg,0.0
Ervin Santana,0.0
Craig Kimbrel,0.0
Aroldis Chapman,0.0
Marco Estrada,0.0
Craig Kimbrel,0.0
Matt Harrison,0.0
Drew Pomeranz,0.0
C.J. Wilson,0.0
Trevor Bauer,0.0
Tanner Roark,0.0
Robbie Ray,0.0
Cole Hamels,0.0
Julio Teheran,0.0
James Shields,0.0
Charlie Morton,0.0
Nathan Eovaldi,0.0
Tyson Ross,0.0
Ricky Nolasco,0.0
Chase Anderson,0.0
Jeremy Hellickson,0.0
Michael Wacha,0.0
Gavin Floyd,0.0
Collin McHugh,0.0
Gio Gonzalez,0.0
Brandon Morrow,0.0
Chris Archer,0.0
Gio Gonzalez,0.0
Jon Gray,0.0
Michael Pineda,0.0
Philip Humber,0.0
Carlos Carrasco,0.0
Anibal Sanchez,0.0
Julio Teheran,0.0
Clay Buchholz,0.0
Michael Pineda,0.0
Dellin Betances,0.0
Craig Kimbrel,0.0
Kenley Jansen,0.0
J.A. Happ,0.0
Gio Gonzalez,0.0
Madison Bumgarner,0.0
Hisashi Iwakuma,0.0
Scott Kazmir,0.0
Sonny Gray,0.0
Danny Salazar,0.0
Mat Latos,0.0
Masahiro Tanaka,0.0
Mark Buehrle,0.0
Javier Vazquez,0.0
Lance Lynn,0.0
Gerrit Cole,0.0
John Lackey,0.0
Andy Pettitte,0.0
Eric Stults,0.0
Mike Leake,0.0
Wade Davis,0.0
Noah Syndergaard,0.0
Mike Fiers,0.0
Chris Archer,0.0
Anthony DeSclafani,0.0
Josh Johnson,0.0
Robbie Ray,0.0
Jacob deGrom,0.0
Koji Uehara,0.0
A.J. Burnett,0.0
Derek Holland,0.0
Patrick Corbin,0.0
Jordan Zimmermann,0.0
Collin McHugh,0.0
Michael Fulmer,0.0
Drew Pomeranz,0.0
Marcus Stroman,0.0
Gio Gonzalez,0.0
Andrew Miller,0.0
Ricky Nolasco,0.0
Ubaldo Jimenez,0.0
Kevin Gausman,0.0
John Danks,0.0
Lance McCullers Jr.,0.0
Jake Peavy,0.0
Jonathan Papelbon,0.0
Greg Holland,0.0
Jered Weaver,0.0
Felix Hernandez,0.0
Ervin Santana,0.0
Bartolo Colon,0.0
Justin Verlander,0.0
Jose Berrios,0.0
Ervin Santana,0.0
Rick Porcello,0.0
Adam Wainwright,0.0
Brandon McCarthy,0.0
Johnny Cueto,0.0
A.J. Burnett,0.0
Jake Odorizzi,0.0
Marco Estrada,0.0
Jameson Taillon,0.0
Brandon Beachy,0.0
Nathan Eovaldi,0.0
Justin Verlander,0.0
Dellin Betances,0.0
Roberto Osuna,0.0
Lance Lynn,0.0
Rick Porcello,0.0
Tommy Milone,0.0
Masahiro Tanaka,0.0
Clay Buchholz,0.0
Ryan Dempster,0.0
Jerad Eickhoff,0.0
Lucas Harrell,0.0
Corey Kluber,0.0
Jaime Garcia,0.0
Alex Cobb,0.0
J.A. Happ,0.0
Chad Billingsley,0.0
Sonny Gray,0.0
Rick Porcello,0.0
Jordan Montgomery,0.0
Yu Darvish,0.0
Jaime Garcia,0.0
Aroldis Chapman,0.0
Chris Devenski,0.0
Aroldis Chapman,0.0
Zach Davies,0.0
Bartolo Colon,0.0
Jon Lester,0.0
Garrett Richards,0.0
Hiroki Kuroda,0.0
Steven Wright,0.0
Jon Niese,0.0
Homer Bailey,0.0
Dylan Bundy,0.0
Jon Lester,0.0
Danny Duffy,0.0
Chris Capuano,0.0
Ubaldo Jimenez,0.0
Trevor Bauer,0.0
Wei-Yin Chen,0.0
Matt Moore,0.0
Jon Niese,0.0
Scott Kazmir,0.0
Bud Norris,0.0
Travis Wood,0.0
Steven Matz,0.0
Roy Oswalt,0.0
Jeff Samardzija,0.0
CC Sabathia,0.0
Matt Garza,0.0
Bartolo Colon,0.0
Jeff Samardzija,0.0
Lance McCullers Jr.,0.0
Cory Luebke,0.0
Aaron Nola,0.0
Corey Knebel,0.0
Jorge De La Rosa,0.0
Yovani Gallardo,0.0
Kris Medlen,0.0
CC Sabathia,0.0
Trevor Cahill,0.0
Yordano Ventura,0.0
Rich Hill,0.0
Bronson Arroyo,0.0
Jeff Samardzija,0.0
Alex Wood,0.0
Alex Wood,0.0
Zack Wheeler,0.0
Kyle Gibson,0.0
Danny Salazar,0.0
Zach Davies,0.0
Wade Miley,0.0
Roy Halladay,0.0
Andrew Cashner,0.0
Dallas Keuchel,0.0
Scott Baker,0.0
Jason Hammel,0.0
Ricky Nolasco,0.0
Gerrit Cole,0.0
Seung Hwan Oh,0.0
Sean Marshall,0.0
Jake McGee,0.0
Miguel Gonzalez,0.0
David Robertson,0.0
Cody Allen,0.0
Colby Lewis,0.0
Ian Kennedy,0.0
Julio Teheran,0.0
Ryan Vogelsong,0.0
John Lackey,0.0
Bartolo Colon,0.0
Chad Bettis,0.0
Edinson Volquez,0.0
Tanner Roark,0.0
Aaron Harang,0.0
Wandy Rodriguez,0.0
Alex Cobb,0.0
Carlos Carrasco,0.0
Ervin Santana,0.0
Kevin Gausman,0.0
Jeff Samardzija,0.0
Gerrit Cole,0.0
Ryan Dempster,0.0
Marco Estrada,0.0
Ivan Nova,0.0
Ervin Santana,0.0
Taijuan Walker,0.0
Carlos Rodon,0.0
Mike Leake,0.0
Jon Lester,0.0
R.A. Dickey,0.0
Pat Neshek,0.0
Tyler Anderson,0.0
Aroldis Chapman,0.0
Addison Reed,0.0
Mark Melancon,0.0
Zach Britton,0.0
Wei-Yin Chen,0.0
Chris Tillman,0.0
Hisashi Iwakuma,0.0
Phil Hughes,0.0
Shelby Miller,0.0
Dallas Keuchel,0.0
Yordano Ventura,0.0
Kyle Lohse,0.0
Jake Arrieta,0.0
Yovani Gallardo,0.0
Jhoulys Chacin,0.0
Vance Worley,0.0
German Marquez,0.0
Brandon Morrow,0.0
Bartolo Colon,0.0
John Lackey,0.0
Jason Hammel,0.0
Joe Blanton,0.0
Clayton Richard,0.0
Kyle Hendricks,0.0
Mike Fiers,0.0
Dellin Betances,0.0
Brandon McCarthy,0.0
Chad Green,0.0
Kenley Jansen,0.0
Fernando Rodney,0.0
Sean Doolittle,0.0
Mariano Rivera,0.0
Michael Wacha,0.0
Ivan Nova,0.0
Chris Tillman,0.0
Kyle Lohse,0.0
Kyle Gibson,0.0
Masahiro Tanaka,0.0
Alex Cobb,0.0
Wei-Yin Chen,0.0
Mark Buehrle,0.0
Ivan Nova,0.0
Jered Weaver,0.0
Kyle Lohse,0.0
Gerrit Cole,0.0
Mike Leake,0.0
Erasmo Ramirez,0.0
Drew Hutchison,0.0
Justin Masterson,0.0
Josh Collmenter,0.0
Jason Vargas,0.0
Junior Guerra,0.0
Jon Niese,0.0
Carl Pavano,0.0
Trevor May,0.0
Scott Kazmir,0.0
Trevor Williams,0.0
Jesse Chavez,0.0
Joe Nathan,0.0
Kevin Millwood,0.0
Andrew Miller,0.0
Craig Kimbrel,0.0
Andrew Miller,0.0
Trevor Rosenthal,0.0
Craig Kimbrel,0.0
Ricky Romero,0.0
Max Scherzer,0.0
Rick Porcello,0.0
Randy Wolf,0.0
C.J. Wilson,0.0
Matt Moore,0.0
Zack Greinke,0.0
Mike Clevinger,0.0
Scott Diamond,0.0
Yovani Gallardo,0.0
Sean Manaea,0.0
Ricky Nolasco,0.0
Jason Vargas,0.0
Alex Cobb,0.0
Chad Billingsley,0.0
Felix Doubront,0.0
Josh Tomlin,0.0
Drew Smyly,0.0
Vince Velasquez,0.0
Jason Hammel,0.0
Adam Warren,0.0
Anthony Swarzak,0.0
Mike Minor,0.0
Eduardo Rodriguez,0.0
Andrew Cashner,0.0
Felipe Vazquez,0.0
Michael Pineda,0.0
Andrew Cashner,0.0
Yusmeiro Petit,0.0
Robbie Ray,0.0
Danny Salazar,0.0
Brett Oberholtzer,0.0
Jeurys Familia,0.0
Greg Holland,0.0
Matt Shoemaker,0.0
Tim Hudson,0.0
Ryan Vogelsong,0.0
Jake Westbrook,0.0
Martin Perez,0.0
Henderson Alvarez,0.0
Freddy Garcia,0.0
Jake Peavy,0.0
Rick Porcello,0.0
Edwin Jackson,0.0
Martin Perez,0.0
Joe Saunders,0.0
Derek Lowe,0.0
Jon Niese,0.0
Greg Holland,0.0
Joe Ross,0.0
Kevin Gausman,0.0
Kyle Barraclough,0.0
Jose Fernandez,0.0
Lance McCullers Jr.,0.0
Colby Lewis,0.0
Mike Pelfrey,0.0
Scott Feldman,0.0
Jaime Garcia,0.0
Zach Britton,0.0
Felipe Paulino,0.0
Archie Bradley,0.0
Trevor Rosenthal,0.0
Carson Smith,0.0
David Hernandez,0.0
Tommy Kahnle,0.0
Kenley Jansen,0.0
Mark Buehrle,0.0
Mike Leake,0.0
Colby Lewis,0.0
Paul Maholm,0.0
Kenta Maeda,0.0
Scott Feldman,0.0
Tyler Chatwood,0.0
Ted Lilly,0.0
Andrew Cashner,0.0
Jhoulys Chacin,0.0
R.A. Dickey,0.0
Kyle Freeland,0.0
Jimmy Nelson,0.0
Jake Odorizzi,0.0
Ivan Nova,0.0
Taijuan Walker,0.0
Zach Britton,0.0
Aaron Harang,0.0
Jake Odorizzi,0.0
Matt Garza,0.0
Dan Straily,0.0
Kyle Kendrick,0.0
Anthony DeSclafani,0.0
Tim Hudson,0.0
Carlos Rodon,0.0
Wade Davis,0.0
Yovani Gallardo,0.0
Matt Andriese,0.0
Edwin Jackson,0.0
Wei-Yin Chen,0.0
Josh Beckett,0.0
Ken Giles,0.0
Bud Norris,0.0
Jake McGee,0.0
Kenley Jansen,0.0
Michael Wacha,0.0
Erik Bedard,0.0
Mike Pelfrey,0.0
Steve Cishek,0.0
Nate Jones,0.0
Mark Melancon,0.0
Andrew Miller,0.0
Kelvin Herrera,0.0
Chris Tillman,0.0
CC Sabathia,0.0
Jarred Cosart,0.0
Dillon Gee,0.0
Gavin Floyd,0.0
Josh Collmenter,0.0
Chris Narveson,0.0
Chris Capuano,0.0
J.A. Happ,0.0
David Robertson,0.0
Danny Duffy,0.0
Hisashi Iwakuma,0.0
Jeremy Guthrie,0.0
Tyler Thornburg,0.0
Chad Kuhl,0.0
Pat Neshek,0.0
David Phelps,0.0
Drew Smyly,0.0
Michael Wacha,0.0
Paul Maholm,0.0
Vance Worley,0.0
Danny Salazar,0.0
Jeff Francis,0.0
Matthew Boyd,0.0
Ryan Madson,0.0
Cliff Lee,0.0
Matt Harvey,0.0
Tyson Ross,0.0
Mark Melancon,0.0
John Axford,0.0
Jonathan Papelbon,0.0
Edwin Diaz,0.0
Matt Moore,0.0
Wily Peralta,0.0
Marco Estrada,0.0
Trevor Cahill,0.0
Dan Haren,0.0
Wandy Rodriguez,0.0
Trevor Bauer,0.0
Chris Tillman,0.0
Wade Miley,0.0
Charlie Morton,0.0
Dan Straily,0.0
Tim Lincecum,0.0
Mike Foltynewicz,0.0
Juan Nicasio,0.0
Tyler Chatwood,0.0
Brandon McCarthy,0.0
Alex Colome,0.0
Tim Hudson,0.0
Chad Bettis,0.0
Livan Hernandez,0.0
Archie Bradley,0.0
Francisco Liriano,0.0
Sean Manaea,0.0
Marco Estrada,0.0
Darren O'Day,0.0
Drew Smyly,0.0
David Robertson,0.0
Blake Snell,0.0
Mike Adams,0.0
Jameson Taillon,0.0
Julio Urias,0.0
Henderson Alvarez,0.0
Yusmeiro Petit,0.0
Blake Snell,0.0
Christian Friedrich,0.0
Kelvin Herrera,0.0
Roberto Osuna,0.0
Jerad Eickhoff,0.0
Raisel Iglesias,0.0
Luis Castillo,0.0
Nick Vincent,0.0
Joe Smith,0.0
Sean Doolittle,0.0
Joel Hanrahan,0.0
Will Harris,0.0
Ken Giles,0.0
Sergio Romo,0.0
Danny Farquhar,0.0
Jason Vargas,0.0
R.A. Dickey,0.0
R.A. Dickey,0.0
Jeremy Hellickson,0.0
Tommy Hanson,0.0
Mike Fiers,0.0
Luke Hochevar,0.0
Bruce Chen,0.0
Jason Hammel,0.0
Eduardo Rodriguez,0.0
Jorge De La Rosa,0.0
Neal Cotts,0.0
Jeff Locke,0.0
Luis Perdomo,0.0
Ubaldo Jimenez,0.0
Bud Norris,0.0
Seth Lugo,0.0
Mike Fiers,0.0
Andrew Heaney,0.0
Tyler Matzek,0.0
Chase Anderson,0.0
Jhoulys Chacin,0.0
Johan Santana,0.0
Greg Holland,0.0
Nate Jones,0.0
Sean Marshall,0.0
Mat Latos,0.0
Brandon McCarthy,0.0
Ryan Madson,0.0
Glen Perkins,0.0
Alex Claudio,0.0
Aroldis Chapman,0.0
Madison Bumgarner,0.0
Joakim Soria,0.0
Drew Smyly,0.0
Tyler Clippard,0.0
Brad Hand,0.0
Blake Parker,0.0
Joe Nathan,0.0
Martin Perez,0.0
Glen Perkins,0.0
Kenley Jansen,0.0
David Robertson,0.0
Rafael Betancourt,0.0
Jorge De La Rosa,0.0
Josh Tomlin,0.0
Ian Kennedy,0.0
Mike Leake,0.0
Miguel Gonzalez,0.0
Jeff Niemann,0.0
Cole Hamels,0.0
Brad Brach,0.0
Brett Anderson,0.0
Tom Koehler,0.0
Kendall Graveman,0.0
R.A. Dickey,0.0
Dan Haren,0.0
Homer Bailey,0.0
Zach McAllister,0.0
Taylor Jungmann,0.0
Tommy Milone,0.0
Rick Porcello,0.0
Vance Worley,0.0
Wade Miley,0.0
A.J. Burnett,0.0
Clay Buchholz,0.0
Matt Bush,0.0
Shaun Marcum,0.0
Jake Peavy,0.0
Brett Myers,0.0
John Danks,0.0
Hector Rondon,0.0
Jesse Hahn,0.0
David Price,0.0
Charlie Morton,0.0
Jose Quintana,0.0
Dillon Gee,0.0
Dan Otero,0.0
David Robertson,0.0
Andy Pettitte,0.0
Sean Doolittle,0.0
Addison Reed,0.0
Hector Rondon,0.0
Jose Fernandez,0.0
Tom Wilhelmsen,0.0
Brad Hand,0.0
David Robertson,0.0
Aroldis Chapman,0.0
Bryan Shaw,0.0
Josh Johnson,0.0
Mark Melancon,0.0
Grant Balfour,0.0
Alex Wood,0.0
Matt Belisle,0.0
Chris Rusin,0.0
Raisel Iglesias,0.0
Phil Coke,0.0
Jake Arrieta,0.0
Jeurys Familia,0.0
Jason Grilli,0.0
Jered Weaver,0.0
Mark Buehrle,0.0
Bruce Chen,0.0
Mike Leake,0.0
Ivan Nova,0.0
Adam Wainwright,0.0
Jeremy Hellickson,0.0
Edinson Volquez,0.0
Ross Detwiler,0.0
Juan Nicasio,0.0
Tim Stauffer,0.0
Homer Bailey,0.0
Wade Miley,0.0
Adam Conley,0.0
C.J. Wilson,0.0
Matt Cain,0.0
Luis Mendoza,0.0
Tyler Clippard,0.0
Darren O'Day,0.0
Keone Kela,0.0
Kyle Hendricks,0.0
Tony Cingrani,0.0
Charlie Morton,0.0
Nathan Karns,0.0
Ryan Cook,0.0
Mariano Rivera,0.0
Ryan Cook,0.0
Patrick Corbin,0.0
Jeff Francis,0.0
Jason Motte,0.0
Juan Nicasio,0.0
Sonny Gray,0.0
Liam Hendriks,0.0
Jordan Walden,0.0
Justin Wilson,0.0
Octavio Dotel,0.0
Jeff Karstens,0.0
Tyler Skaggs,0.0
Tony Watson,0.0
Craig Kimbrel,0.0
Kevin Gausman,0.0
Josh Fields,0.0
Mat Latos,0.0
Dominic Leone,0.0
Brandon Kintzler,0.0
Cody Allen,0.0
Brent Suter,0.0
Eric O'Flaherty,0.0
J.J. Putz,0.0
Kenley Jansen,0.0
Matt Thornton,0.0
Ken Giles,0.0
J.J. Putz,0.0
Jake McGee,0.0
Doug Fister,0.0
Bud Norris,0.0
Jason Hammel,0.0
A.J. Griffin,0.0
Dan Haren,0.0
Drew Hutchison,0.0
Chris Heston,0.0
Lance Lynn,0.0
Wily Peralta,0.0
Yordano Ventura,0.0
Tony Watson,0.0
Roenis Elias,0.0
Antonio Senzatela,0.0
Edinson Volquez,0.0
Jason Vargas,0.0
Brian Duensing,0.0
Chris Devenski,0.0
Guillermo Moscoso,0.0
Scott Feldman,0.0
Ryan Vogelsong,0.0
Mike Leake,0.0
Wade Davis,0.0
Tanner Roark,0.0
Kevin Siegrist,0.0
Will Smith,0.0
A.J. Griffin,0.0
Luke Weaver,0.0
Ervin Santana,0.0
Garrett Richards,0.0
Dinelson Lamet,0.0
Jonny Venters,0.0
Francisco Rodriguez,0.0
Zach McAllister,0.0
Francisco Liriano,0.0
Bobby Parnell,0.0
Jonathan Papelbon,0.0
Zach Duke,0.0
Brett Cecil,0.0
Jorge De La Rosa,0.0
Joe Ross,0.0
Trevor Bauer,0.0
Fernando Rodney,0.0
Doug Fister,0.0
Joaquin Benoit,0.0
Steve Cishek,0.0
Nathan Eovaldi,0.0
Sergio Santos,0.0
Erik Bedard,0.0
Zach McAllister,0.0
Raisel Iglesias,0.0
Adam Warren,0.0
Joe Biagini,0.0
Jim Johnson,0.0
Vinnie Pestano,0.0
AJ Ramos,0.0
Chris Bassitt,0.0
Shaun Marcum,0.0
Alfredo Simon,0.0
Jair Jurrjens,0.0
James McDonald,0.0
Derek Holland,0.0
Kyle Kendrick,0.0
Felix Doubront,0.0
Jeff Locke,0.0
Martin Perez,0.0
Chris Tillman,0.0
Chris Archer,0.0
Mike Foltynewicz,0.0
Jordan Zimmermann,0.0
Eric Stults,0.0
Jesse Chavez,0.0
Miguel Gonzalez,0.0
Wilton Lopez,0.0
Jim Johnson,0.0
Matt Garza,0.0
Travis Wood,0.0
Brandon Beachy,0.0
Tyler Duffey,0.0
Steve Delabar,0.0
David Hernandez,0.0
Fernando Rodney,0.0
Jake Faria,0.0
Drew Pomeranz,0.0
Jake Diekman,0.0
Travis Wood,0.0
Mike Minor,0.0
Sal Romano,0.0
Shane Greene,0.0
Joaquin Benoit,0.0
Alex Torres,0.0
Brad Ziegler,0.0
Brett Oberholtzer,0.0
Hector Santiago,0.0
Chris Capuano,0.0
Sean Newcomb,0.0
Jeremy Hefner,0.0
Tyler Thornburg,0.0
Matt Harvey,0.0
Dellin Betances,0.0
Blake Treinen,0.0
Jesse Hahn,0.0
Rafael Soriano,0.0
Daniel Bard,0.0
Carlos Martinez,0.0
Roberto Osuna,0.0
Alex Wood,0.0
Liam Hendriks,0.0
Aaron Harang,0.0
Bronson Arroyo,0.0
Jarrod Parker,0.0
Tommy Milone,0.0
Kyle Gibson,0.0
Mike Minor,0.0
Jeremy Hellickson,0.0
John Lannan,0.0
Scott Kazmir,0.0
Jaime Garcia,0.0
Joe Kelly,0.0
Kevin Correia,0.0
Mychal Givens,0.0
Jake Peavy,0.0
Jason Marquis,0.0
Johnny Cueto,0.0
Ty Blach,0.0
Luke Gregerson,0.0
Mike Montgomery,0.0
Jordan Lyles,0.0
Cody Allen,0.0
Luke Gregerson,0.0
James Paxton,0.0
Carlos Villanueva,0.0
CC Sabathia,0.0
Kyle Gibson,0.0
Nathan Karns,0.0
Darren Oliver,0.0
Sergio Romo,0.0
Sam Dyson,0.0
Chad Gaudin,0.0
T.J. House,0.0
Matt Belisle,0.0
Carlos Villanueva,0.0
Daniel Norris,0.0
Rafael Montero,0.0
Kelvin Herrera,0.0
Casey Janssen,0.0
Hector Neris,0.0
Michael Wacha,0.0
Joe Biagini,0.0
Luke Gregerson,0.0
Matt Thornton,0.0
Kameron Loe,0.0
Josh Fields,0.0
Juan Nicasio,0.0
Chris Young,0.0
Brian Duensing,0.0
Phil Hughes,0.0
Adam Warren,0.0
Vinnie Pestano,0.0
Tommy Hunter,0.0
Jerad Eickhoff,0.0
Ryan Buchter,0.0
Eduardo Rodriguez,0.0
AJ Ramos,0.0
Koji Uehara,0.0
Zach Duke,0.0
Jim Johnson,0.0
Luis Garcia,0.0
Chris Sale,0.0
Danny Salazar,0.0
Trevor Rosenthal,0.0
Alex Colome,0.0
Craig Kimbrel,0.0
Drew Storen,0.0
Tyler Clippard,0.0
Edubray Ramos,0.0
Mark Lowe,0.0
Brandon League,0.0
Rafael Betancourt,0.0
Fernando Rodney,0.0
Randall Delgado,0.0
Dan Straily,0.0
Jason Vargas,0.0
Alfredo Simon,0.0
Julio Teheran,0.0
JC Ramirez,0.0
Phil Hughes,0.0
Wade Davis,0.0
Julio Teheran,0.0
Matt Belisle,0.0
Parker Bridwell,0.0
Miguel Gonzalez,0.0
Bruce Chen,0.0
Tom Koehler,0.0
Tyler Duffey,0.0
Mychal Givens,0.0
Michael Pineda,0.0
Tyler Chatwood,0.0
Travis Wood,0.0
Luke Hochevar,0.0
Craig Stammen,0.0
Joe Blanton,0.0
Jesse Hahn,0.0
Danny Duffy,0.0
Casey Janssen,0.0
Koji Uehara,0.0
Shawn Tolleson,0.0
Mike Bolsinger,0.0
Travis Blackley,0.0
Kendall Graveman,0.0
Patrick Corbin,0.0
Tyler Anderson,0.0
David Phelps,0.0
Dallas Keuchel,0.0
Jeff Hoffman,0.0
Luke Hochevar,0.0
Scott Alexander,0.0
Chris Rusin,0.0
Jonathan Papelbon,0.0
Blaine Hardy,0.0
Collin McHugh,0.0
Shane Greene,0.0
Ross Stripling,0.0
Erasmo Ramirez,0.0
J.A. Happ,0.0
Sergio Romo,0.0
Derek Law,0.0
Wade Davis,0.0
Jonathan Broxton,0.0
Joaquin Benoit,0.0
Brad Brach,0.0
Pedro Baez,0.0
Daniel Norris,0.0
Justin Wilson,0.0
Justin Wilson,0.0
Nathan Eovaldi,0.0
Adalberto Mejia,0.0
Darren Oliver,0.0
Wade Davis,0.0
Sam Dyson,0.0
Shawn Kelley,0.0
David Hernandez,0.0
Greg Holland,0.0
Chris Tillman,0.0
Huston Street,0.0
Alex Colome,0.0
Brett Cecil,0.0
Pedro Strop,0.0
Joel Peralta,0.0
Brett Cecil,0.0
Junichi Tazawa,0.0
Casey Janssen,0.0
Adam Ottavino,0.0
Jason Grilli,0.0
Adam Ottavino,0.0
James Shields,0.0
Jeremy Guthrie,0.0
Josh Tomlin,0.0
Doug Fister,0.0
Felix Hernandez,0.0
J.A. Happ,0.0
A.J. Burnett,0.0
Dylan Bundy,0.0
Anibal Sanchez,0.0
Tim Lincecum,0.0
Colby Lewis,0.0
Charlie Morton,0.0
Derek Lowe,0.0
Nate Jones,0.0
Samuel Deduno,0.0
Rex Brothers,0.0
Carlos Carrasco,0.0
Nick Pivetta,0.0
Jordan Zimmermann,0.0
Joe Smith,0.0
Cody Anderson,0.0
Bryan Shaw,0.0
Ryan Tepera,0.0
Matt Barnes,0.0
Carlos Villanueva,0.0
Joe Musgrove,0.0
Derek Holland,0.0
Erik Bedard,0.0
Cody Allen,0.0
Antonio Bastardo,0.0
Dane de la Rosa,0.0
Colby Lewis,0.0
Josh Tomlin,0.0
Wandy Rodriguez,0.0
Ricky Nolasco,0.0
Matt Moore,0.0
Fernando Salas,0.0
Ryan Dull,0.0
Bobby Parnell,0.0
Pedro Strop,0.0
Josh Collmenter,0.0
Matt Garza,0.0
Casey Fien,0.0
Chad Kuhl,0.0
Jason Motte,0.0
Tyler Lyons,0.0
Hector Neris,0.0
Brandon Kintzler,0.0
Edwin Diaz,0.0
Odrisamer Despaigne,0.0
Glen Perkins,0.0
Alex Meyer,0.0
Adam Conley,0.0
Edinson Volquez,0.0
Liam Hendriks,0.0
David Phelps,0.0
Alfredo Simon,0.0
Zach Britton,0.0
Tony Sipp,0.0
Joe Smith,0.0
Brad Ziegler,0.0
Jean Machi,0.0
Cody Allen,0.0
Glen Perkins,0.0
LaTroy Hawkins,0.0
Sam LeCure,0.0
Addison Reed,0.0
Aaron Crow,0.0
Brandon Cumpton,0.0
Drew Storen,0.0
Pedro Strop,0.0
Brian Matusz,0.0
Charlie Furbush,0.0
Francisco Rodriguez,0.0
Erasmo Ramirez,0.0
Barry Zito,0.0
Edinson Volquez,0.0
Jake Westbrook,0.0
John Lackey,0.0
Chris Young,0.0
Dan Haren,0.0
Mike Dunn,0.0
R.A. Dickey,0.0
Kyle Kendrick,0.0
Jon Niese,0.0
Jakob Junis,0.0
Jeremy Hellickson,0.0
Edinson Volquez,0.0
Jesse Crain,0.0
Matt Albers,0.0
Tony Barnette,0.0
Joe Blanton,0.0
Alexi Ogando,0.0
Zack Wheeler,0.0
Mike Pelfrey,0.0
Jason Hammel,0.0
Roberto Hernandez,0.0
Drew Storen,0.0
Hansel Robles,0.0
Aaron Nola,0.0
Ryan Pressly,0.0
David Buchanan,0.0
Matthew Boyd,0.0
Aaron Harang,0.0
Brian Matusz,0.0
Matt Garza,0.0
Darren O'Day,0.0
Kyle Farnsworth,0.0
Brad Boxberger,0.0
Luis Ayala,0.0
Brad Brach,0.0
Brett Cecil,0.0
Carl Edwards Jr.,0.0
Drew Smyly,0.0
Junichi Tazawa,0.0
David Robertson,0.0
Joe Kelly,0.0
Joe Smith,0.0
Scott Feldman,0.0
Joakim Soria,0.0
Wei-Yin Chen,0.0
Jordan Lyles,0.0
Jake Peavy,0.0
David Carpenter,0.0
Mike Montgomery,0.0
Steve Cishek,0.0
Junichi Tazawa,0.0
Alex Wilson,0.0
Zach McAllister,0.0
Robbie Ross Jr.,0.0
Tsuyoshi Wada,0.0
Tony Sipp,0.0
Tom Gorzelanny,0.0
Marco Estrada,0.0
Randall Delgado,0.0
Nick Tepesch,0.0
Paco Rodriguez,0.0
Jeremy Jeffress,0.0
Kevin Quackenbush,0.0
Brayan Villarreal,0.0
Danny Farquhar,0.0
Sean Gilmartin,0.0
Joel Peralta,0.0
Jim Johnson,0.0
Dustin Moseley,0.0
Jose Valverde,0.0
Brett Anderson,0.0
Esmil Rogers,0.0
Rex Brothers,0.0
Jose Valverde,0.0
Shawn Kelley,0.0
Steve Cishek,0.0
Sam LeCure,0.0
Neftali Feliz,0.0
Addison Reed,0.0
Matt Lindstrom,0.0
Ian Krol,0.0
Ross Detwiler,0.0
Tyler Skaggs,0.0
Anthony Bass,0.0
Jimmy Nelson,0.0
Ryan Madson,0.0
Sean Burnett,0.0
Troy Patton,0.0
Jeremy Affeldt,0.0
Nick Vincent,0.0
Juan Nicasio,0.0
Andrew Triggs,0.0
Vince Velasquez,0.0
Kevin Jepsen,0.0
Chris Perez,0.0
Clay Buchholz,0.0
Jeff Karstens,0.0
Hector Santiago,0.0
Chase Anderson,0.0
Ronald Belisario,0.0
Mark Melancon,0.0
Trevor Cahill,0.0
Michael Feliz,0.0
Wade Miley,0.0
Matt Shoemaker,0.0
Jered Weaver,0.0
Wily Peralta,0.0
Freddy Garcia,0.0
Anibal Sanchez,0.0
Robbie Ross Jr.,0.0
Craig Stammen,0.0
Scott Atchison,0.0
David Carpenter,0.0
Brian Duensing,0.0
Jerome Williams,0.0
Ricky Nolasco,0.0
Chris Rusin,0.0
Francisco Liriano,0.0
Luke Gregerson,0.0
Jeremy Jeffress,0.0
Johnny Cueto,0.0
Octavio Dotel,0.0
Josh Collmenter,0.0
Hyun-Jin Ryu,0.0
Antonio Bastardo,0.0
Casey Fien,0.0
Jonathan Pettibone,0.0
Fernando Salas,0.0
Wade LeBlanc,0.0
Dan Jennings,0.0
J.P. Howell,0.0
Hunter Strickland,0.0
Alex Claudio,0.0
Will Harris,0.0
Brandon Lyon,0.0
Casey Fien,0.0
Fernando Rodriguez,0.0
Joe Musgrove,0.0
Anthony Swarzak,0.0
Brett Anderson,0.0
Jared Burton,0.0
Hunter Strickland,0.0
Jose Mijares,0.0
Ramon Ramirez,0.0
Mike Dunn,0.0
Anthony Swarzak,0.0
Hunter Strickland,0.0
Yimi Garcia,0.0
Alex Cobb,0.0
Tom Gorzelanny,0.0
Kevin Slowey,0.0
Chris Capuano,0.0
Shawn Kelley,0.0
Addison Reed,0.0
Trevor Cahill,0.0
Scott Atchison,0.0
Jeurys Familia,0.0
Jeanmar Gomez,0.0
Brandon League,0.0
Tom Wilhelmsen,0.0
Emilio Pagan,0.0
Alexi Ogando,0.0
Darren O'Day,0.0
Jared Burton,0.0
Andrew Albers,0.0
Antonio Bastardo,0.0
Vidal Nuno,0.0
Jerry Blevins,0.0
Juan Nicasio,0.0
Jose Alvarez,0.0
Henderson Alvarez,0.0
Felipe Vazquez,0.0
Dontrelle Willis,0.0
Burke Badenhop,0.0
Jordan Walden,0.0
Brandon Maurer,0.0
Scott Oberg,0.0
Tommy Hanson,0.0
C.J. Wilson,0.0
Joe Kelly,0.0
Paul Maholm,0.0
Edward Mujica,0.0
Hisashi Iwakuma,0.0
Ian Kennedy,0.0
Nathan Eovaldi,0.0
Carlos Zambrano,0.0
Francisco Liriano,0.0
Dominic Leone,0.0
James Russell,0.0
Scott Feldman,0.0
Joel Pineiro,0.0
Jo-Jo Reyes,0.0
Scott Downs,0.0
Tommy Hunter,0.0
Clay Buchholz,0.0
Hector Santiago,0.0
Bud Norris,0.0
Homer Bailey,0.0
Zach Putnam,0.0
Darren O'Day,0.0
Ernesto Frieri,0.0
Pedro Strop,0.0
Steve Cishek,0.0
Andrew Chafin,0.0
Arodys Vizcaino,0.0
J.J. Hoover,0.0
Luis Severino,0.0
Mike Adams,0.0
Tim Collins,0.0
Cristhian Martinez,0.0
Roenis Elias,0.0
Jeanmar Gomez,0.0
Colin Rea,0.0
Chris Volstad,0.0
Randy Wolf,0.0
Sonny Gray,0.0
Phil Hughes,0.0
Christian Friedrich,0.0
Mitchell Boggs,0.0
Jonathan Broxton,0.0
Aaron Loup,0.0
Joe Kelly,0.0
Rafael Soriano,0.0
David Phelps,0.0
Jake Diekman,0.0
Daniel Hudson,0.0
Ryan Webb,0.0
Matt Guerrier,0.0
Ben Lively,0.0
Todd Redmond,0.0
Jeremy Hefner,0.0
Henry Owens,0.0
Randall Delgado,0.0
Robbie Erlin,0.0
Alex Wilson,0.0
Kevin Jepsen,0.0
Heath Bell,0.0
Cory Rasmus,0.0
Craig Breslow,0.0
Tommy Hunter,0.0
Robbie Ross Jr.,0.0
Josh Outman,0.0
Oliver Perez,0.0
Ross Stripling,0.0
Matt Bowman,0.0
Robbie Erlin,0.0
Daniel Hudson,0.0
Blake Wood,0.0
Aaron Cook,0.0
Brandon Maurer,0.0
Luke Gregerson,0.0
Blake Treinen,0.0
Sam Freeman,0.0
Matt Lindstrom,0.0
Marc Rzepczynski,0.0
Dale Thayer,0.0
Matt Bowman,0.0
Joba Chamberlain,0.0
Ernesto Frieri,0.0
Jesse Chavez,0.0
Phil Coke,0.0
Odrisamer Despaigne,0.0
Chase Whitley,0.0
Burke Badenhop,0.0
Bud Norris,0.0
Drew Pomeranz,0.0
Tyler Duffey,0.0
Yohan Pino,0.0
Daniel Mengden,0.0
Brian Duensing,0.0
Nick Goody,0.0
Andrew Chafin,0.0
Taylor Jordan,0.0
Will Smith,0.0
Brandon Maurer,0.0
Jose Veras,0.0
Chris Hatcher,0.0
Hector Santiago,0.0
Kevin Correia,0.0
Tom Koehler,0.0
Blake Beavan,0.0
Alfredo Aceves,0.0
Shelby Miller,0.0
Brad Ziegler,0.0
Dan Otero,0.0
Jeff Samardzija,0.0
Taijuan Walker,0.0
Michael Lorenzen,0.0
Jimmy Nelson,0.0
Francisco Liriano,0.0
Jeremy Guthrie,0.0
Robert Gsellman,0.0
Joe Smith,0.0
Brandon Maurer,0.0
Boone Logan,0.0
Carlos Villanueva,0.0
Ian Kennedy,0.0
Jason Hammel,0.0
Austin Pruitt,0.0
Justin Grimm,0.0
Bartolo Colon,0.0
Tanner Scheppers,0.0
Justin Wilson,0.0
Brad Ziegler,0.0
Kyle Barraclough,0.0
Jenrry Mejia,0.0
Will Smith,0.0
J.A. Happ,0.0
Yovani Gallardo,0.0
Drew Pomeranz,0.0
Michael Blazek,0.0
Rafael Perez,0.0
Fernando Salas,0.0
Jaime Garcia,0.0
Justin Grimm,0.0
Clayton Richard,0.0
Jake McGee,0.0
Blake Beavan,0.0
Andrew Triggs,0.0
David Phelps,0.0
Zach Britton,0.0
Shane Greene,0.0
Kelvin Herrera,0.0
Mike Morin,0.0
Antonio Bastardo,0.0
Kyle Ryan,0.0
LaTroy Hawkins,0.0
David Phelps,0.0
Tyler Clippard,0.0
Bobby Parnell,0.0
Chris Stratton,0.0
Rubby de la Rosa,0.0
Craig Stammen,0.0
Eddie Butler,0.0
Kevin Millwood,0.0
Vance Worley,0.0
John Axford,0.0
Martin Perez,0.0
Tommy Hunter,0.0
Chase Whitley,0.0
Roy Oswalt,0.0
Eric O'Flaherty,0.0
Tony Watson,0.0
Justin De Fratus,0.0
Alfredo Simon,0.0
Carlos Torres,0.0
Oliver Perez,0.0
Rafael Soriano,0.0
AJ Ramos,0.0
Paul Blackburn,0.0
Francisco Rodriguez,0.0
Glen Perkins,0.0
Joel Peralta,0.0
Tim Collins,0.0
Matt Bush,0.0
Taylor Rogers,0.0
Jacob Barnes,0.0
Wilton Lopez,0.0
Josh Outman,0.0
Joel Peralta,0.0
Zach Duke,0.0
Justin Nicolino,0.0
Luis Severino,0.0
Shelby Miller,0.0
Fernando Abad,0.0
Gavin Floyd,0.0
Cesar Ramos,0.0
Jamey Wright,0.0
Gregory Infante,0.0
Hector Rondon,0.0
Heath Hembree,0.0
A.J. Schugel,0.0
Aaron Loup,0.0
Carlos Marmol,0.0
Matt Belisle,0.0
Justin Grimm,0.0
Carlos Rodon,0.0
Neal Cotts,0.0
Mike Morin,0.0
Corey Kluber,0.0
Carl Pavano,0.0
Justin Germano,0.0
Grant Balfour,0.0
Brad Ziegler,0.0
Brandon Kintzler,0.0
Paul Sewald,0.0
Yohan Flande,0.0
Jeremy Guthrie,0.0
Rubby de la Rosa,0.0
Joe Saunders,0.0
John Lackey,0.0
John Danks,0.0
Miguel Gonzalez,0.0
Miguel Gonzalez,0.0
Vin Mazzaro,0.0
Randall Delgado,0.0
Ryan Dempster,0.0
Clay Buchholz,0.0
AJ Ramos,0.0
Josh Tomlin,0.0
Dillon Gee,0.0
Bronson Arroyo,0.0
Carlos Zambrano,0.0
Matt Wisler,0.0
Joe Smith,0.0
Josh Beckett,0.0
Seth Maness,0.0
Brian Wilson,0.0
Tim Stauffer,0.0
Kris Medlen,0.0
Kendall Graveman,0.0
Ivan Nova,0.0
Matt Garza,0.0
Edwin Jackson,0.0
Luis Avilan,0.0
Craig Breslow,0.0
Will Harris,0.0
Bryan Shaw,0.0
Jim Henderson,0.0
Javier Lopez,0.0
Jared Hughes,0.0
Jose Veras,0.0
Brad Lincoln,0.0
Jamey Wright,0.0
Kelvin Herrera,0.0
Tom Koehler,0.0
Matt Andriese,0.0
Adam Ottavino,0.0
Drew Hutchison,0.0
Robert Stephenson,0.0
Patrick Corbin,0.0
Jeremy Affeldt,0.0
Blake Treinen,0.0
T.J. McFarland,0.0
Aroldis Chapman,0.0
Jake Petricka,0.0
Scott Rice,0.0
Jonathan Sanchez,0.0
Shawn Kelley,0.0
Rubby de la Rosa,0.0
Danny Duffy,0.0
Santiago Casilla,0.0
Luke Gregerson,0.0
Dan Otero,0.0
Pedro Baez,0.0
Clayton Richard,0.0
Henry Rodriguez,0.0
Daniel Norris,0.0
Franklin Morales,0.0
James Paxton,0.0
Oliver Drake,0.0
Santiago Casilla,0.0
Zach McAllister,0.0
Wilton Lopez,0.0
Wesley Wright,0.0
Wade LeBlanc,0.0
Sam LeCure,0.0
Jose Veras,0.0
Dan Jennings,0.0
David Huff,0.0
Francisco Rodriguez,0.0
Pedro Strop,0.0
Tyler Lyons,0.0
Manny Parra,0.0
Jordan Lyles,0.0
Tony Barnette,0.0
Adam Morgan,0.0
Ernesto Frieri,0.0
Jake Petricka,0.0
Rich Thompson,0.0
Chad Qualls,0.0
George Kontos,0.0
Kyle Davies,0.0
Clayton Richard,0.0
Brandon Finnegan,0.0
James McDonald,0.0
Chase Anderson,0.0
Ubaldo Jimenez,0.0
Ricky Romero,0.0
Jorge De La Rosa,0.0
Taylor Rogers,0.0
Nick Martinez,0.0
Jordan Lyles,0.0
Justin Masterson,0.0
Tyler Clippard,0.0
Joe Kelly,0.0
Travis Wood,0.0
Felix Hernandez,0.0
Jesse Litsch,0.0
Jerome Williams,0.0
Ubaldo Jimenez,0.0
Grant Balfour,0.0
Chad Qualls,0.0
Tony Watson,0.0
Todd Coffey,0.0
Blake Wood,0.0
Carlos Frias,0.0
Cole DeVries,0.0
Adam Morgan,0.0
Carlos Torres,0.0
Joe Ross,0.0
Andrew Cashner,0.0
Carlos Torres,0.0
Jonathan Papelbon,0.0
Jordan Norberto,0.0
Ross Detwiler,0.0
Franklin Morales,0.0
Ross Ohlendorf,0.0
Jose Alvarez,0.0
Luis Garcia,0.0
Kirby Yates,0.0
Matt Barnes,0.0
T.J. McFarland,0.0
Rubby de la Rosa,0.0
Mike Pelfrey,0.0
Tyler Wilson,0.0
Ronald Belisario,0.0
Joakim Soria,0.0
Huston Street,0.0
Deolis Guerra,0.0
Kerry Wood,0.0
Zach McAllister,0.0
Jon Rauch,0.0
Shawn Camp,0.0
Nick Masset,0.0
Wandy Peralta,0.0
Matt Andriese,0.0
Anthony Swarzak,0.0
Jeanmar Gomez,0.0
Carlos Estevez,0.0
John Lannan,0.0
Felix Doubront,0.0
Kyle Lobstein,0.0
Casey Coleman,0.0
Anibal Sanchez,0.0
Michael Lorenzen,0.0
Bryan Shaw,0.0
Fernando Rodney,0.0
Burke Badenhop,0.0
Enny Romero,0.0
Mitchell Boggs,0.0
Blake Treinen,0.0
AJ Ramos,0.0
Jake Diekman,0.0
Alex Wilson,0.0
Zach Stewart,0.0
Josh Johnson,0.0
Jarred Cosart,0.0
Frank Francisco,0.0
Vidal Nuno,0.0
Huston Street,0.0
Jason Grilli,0.0
Fernando Salas,0.0
Jeremy Hellickson,0.0
Mike Bolsinger,0.0
Edward Mujica,0.0
Jhan Marinez,0.0
Craig Breslow,0.0
Joe Saunders,0.0
Henderson Alvarez,0.0
Jeff Locke,0.0
Hector Noesi,0.0
Aaron Sanchez,0.0
Jeff Locke,0.0
Scott Feldman,0.0
Tim Lincecum,0.0
Nick Blackburn,0.0
Jesse Chavez,0.0
Joaquin Benoit,0.0
Wandy Rodriguez,0.0
Ryan Madson,0.0
Blake Wood,0.0
Tommy Milone,0.0
Shawn Camp,0.0
Matt Shoemaker,0.0
Roberto Hernandez,0.0
Jacob Turner,0.0
Seth Maness,0.0
Seth Lugo,0.0
Yoervis Medina,0.0
Josh Fields,0.0
Bryan Morris,0.0
Jerry Blevins,0.0
Jamey Wright,0.0
Chris Resop,0.0
Wily Peralta,0.0
Allen Webster,0.0
Francis Martes,0.0
David Hale,0.0
Cory Gearrin,0.0
Heath Hembree,0.0
Yoervis Medina,0.0
Nick Wittgren,0.0
Aaron Loup,0.0
Hisanori Takahashi,0.0
Alex Burnett,0.0
Nick Vincent,0.0
James Pazos,0.0
Tommy Hunter,0.0
Al Alburquerque,0.0
Hector Rondon,0.0
Seth Maness,0.0
Vicente Padilla,0.0
Mike Montgomery,0.0
Brett Cecil,0.0
Matt Belisle,0.0
Trevor Cahill,0.0
Heath Bell,0.0
Rich Harden,0.0
Tommy Hanson,0.0
Blaine Boyer,0.0
Anthony Varvaro,0.0
Burke Badenhop,0.0
Matt Albers,0.0
Sergio Romo,0.0
Ryan Pressly,0.0
Adam Morgan,0.0
Roberto Hernandez,0.0
Jhoulys Chacin,0.0
Christian Bergman,0.0
Zack Wheeler,0.0
Mike Clevinger,0.0
Matt Moore,0.0
Matt Cain,0.0
John Danks,0.0
Jeff Francis,0.0
Brandon League,0.0
Ryan Webb,0.0
Santiago Casilla,0.0
Burke Badenhop,0.0
Blaine Boyer,0.0
Ryan Mattheus,0.0
Jumbo Diaz,0.0
Hector Noesi,0.0
Charlie Morton,0.0
Fernando Salas,0.0
Fernando Rodriguez,0.0
Steven Matz,0.0
Keyvius Sampson,0.0
Tyler Cloyd,0.0
Todd Redmond,0.0
Ryan Cook,0.0
Jake Barrett,0.0
J.P. Howell,0.0
Matt Grace,0.0
Jarlin Garcia,0.0
Brandon Workman,0.0
Phil Hughes,0.0
Peter Moylan,0.0
Anthony Bass,0.0
Kevin Slowey,0.0
Jose Urena,0.0
Dillon Gee,0.0
Brad Penny,0.0
Luis Perdomo,0.0
Kyle Kendrick,0.0
Tim Hudson,0.0
Brad Brach,0.0
Tim Wakefield,0.0
Michael Stutes,0.0
Keynan Middleton,0.0
John Axford,0.0
Mike Minor,0.0
Jim Johnson,0.0
Tyler Clippard,0.0
David Pauley,0.0
Arquimedes Caminero,0.0
Ronald Belisario,0.0
Doug Fister,0.0
Randall Delgado,0.0
Mike Dunn,0.0
John Axford,0.0
Esmil Rogers,0.0
Aaron Harang,0.0
Santiago Casilla,0.0
Ryan Buchter,0.0
Carlos Villanueva,0.0
Carlos Torres,0.0
Hansel Robles,0.0
Stephen Fife,0.0
Josh Collmenter,0.0
Chien-Ming Wang,0.0
Drew Storen,0.0
Jonathan Broxton,0.0
Garrett Richards,0.0
John Danks,0.0
Erik Bedard,0.0
Brad Hand,0.0
T.J. McFarland,0.0
Jon Garland,0.0
Jordan Lyles,0.0
Jose Urena,0.0
Asher Wojciechowski,0.0
Shane Greene,0.0
Tom Wilhelmsen,0.0
Jared Hughes,0.0
George Kontos,0.0
Anthony Varvaro,0.0
Pedro Baez,0.0
Bryan Shaw,0.0
Jeanmar Gomez,0.0
Danny Barnes,0.0
Jason Frasor,0.0
Pat Neshek,0.0
Jacob Turner,0.0
Tim Stauffer,0.0
David Hernandez,0.0
Daisuke Matsuzaka,0.0
Kevin Quackenbush,0.0
Justin Wilson,0.0
Ramon Ramirez,0.0
Brad Hand,0.0
Ryan Vogelsong,0.0
Henry Sosa,0.0
Lucas Sims,0.0
Mike Wright,0.0
Christian Bergman,0.0
Richard Bleier,0.0
Ryan Webb,0.0
Brian Matusz,0.0
Steve Geltz,0.0
Edward Mujica,0.0
Luis Avilan,0.0
Cesar Ramos,0.0
Brian Schlitter,0.0
Zach Neal,0.0
Michael Gonzalez,0.0
Jacob Turner,0.0
Jim Johnson,0.0
Tyler Clippard,0.0
Alec Asher,0.0
Brett Cecil,0.0
Williams Perez,0.0
Tyson Ross,0.0
Cody Anderson,0.0
Brian Flynn,0.0
Louis Coleman,0.0
Will Ohman,0.0
Chris Hatcher,0.0
John Gant,0.0
Aneury Rodriguez,0.0
Jhoulys Chacin,0.0
James Russell,0.0
Tom Wilhelmsen,0.0
Christian Friedrich,0.0
Hisanori Takahashi,0.0
Chris Young,0.0
Tim Lincecum,0.0
Jake Odorizzi,0.0
Jerome Williams,0.0
Ryan Vogelsong,0.0
Carlos Torres,0.0
Matt Wisler,0.0
Ariel Miranda,0.0
Mike Fiers,0.0
Jeremy Hellickson,0.0
Jean Machi,0.0
Tony Watson,0.0
Jason Grilli,0.0
A.J. Griffin,0.0
Kevin Correia,0.0
Kevin Siegrist,0.0
Tyler Chatwood,0.0
Ubaldo Jimenez,0.0
Francisco Cordero,0.0
Jonny Venters,0.0
Brad Ziegler,0.0
Joaquin Benoit,0.0
Ariel Miranda,0.0
Wade LeBlanc,0.0
Nick Martinez,0.0
Jake Arrieta,0.0
Scott Carroll,0.0
Joe Nathan,0.0
Brad Peacock,0.0
Josh Tomlin,0.0
Dale Thayer,0.0
Aaron Crow,0.0
Tom Gorzelanny,0.0
Travis Wood,0.0
Chris Perez,0.0
Wade LeBlanc,0.0
Steve Delabar,0.0
Tim Adleman,0.0
Santiago Casilla,0.0
Jonathan Broxton,0.0
Chad Gaudin,0.0
Frank Herrmann,0.0
Drew Storen,0.0
Phil Hughes,0.0
Al Alburquerque,0.0
Jeremy Affeldt,0.0
Brett Myers,0.0
Dale Thayer,0.0
Adam Warren,0.0
Carlos Marmol,0.0
Nick Tropeano,0.0
Tyler Lyons,0.0
A.J. Cole,0.0
Fernando Salas,0.0
Logan Ondrusek,0.0
Kelvin Herrera,0.0
Mark Leiter,0.0
Michael Tonkin,0.0
Nick Martinez,0.0
Guillermo Moscoso,0.0
Edward Mujica,0.0
Craig Stammen,0.0
Daniel Coulombe,0.0
Vance Worley,0.0
Steve Cishek,0.0
Brian Fuentes,0.0
Guillermo Mota,0.0
Chris Rusin,0.0
Blake Hawksworth,0.0
Tommy Kahnle,0.0
Daniel Hudson,0.0
Mike Dunn,0.0
Luke Jackson,0.0
Ryan Pressly,0.0
Vince Velasquez,0.0
Alfredo Aceves,0.0
Luis Mendoza,0.0
Dylan Axelrod,0.0
Alex White,0.0
Brad Bergesen,0.0
Miles Mikolas,0.0
Vance Worley,0.0
Ryan Webb,0.0
Cristhian Martinez,0.0
Bryan Shaw,0.0
Luke Hochevar,0.0
Chris Resop,0.0
Juan Oviedo,0.0
Seung Hwan Oh,0.0
Juan Gutierrez,0.0
Jon Garland,0.0
Joaquin Benoit,0.0
Jose Urena,0.0
John Brebbia,0.0
Corey Knebel,0.0
Wesley Wright,0.0
Robbie Ross Jr.,0.0
Preston Claiborne,0.0
Jarred Cosart,0.0
Kevin Correia,0.0
Jered Weaver,0.0
Jake Arrieta,0.0
Micah Owings,0.0
Roberto Hernandez,0.0
Eric Stults,0.0
Santiago Casilla,0.0
Jose Torres,0.0
Jake Westbrook,0.0
Mat Latos,0.0
Alfredo Simon,0.0
Jose Arredondo,0.0
Tony Sipp,0.0
Kameron Loe,0.0
A.J. Griffin,0.0
Jerry Blevins,0.0
Phil Coke,0.0
Justin Nicolino,0.0
Joakim Soria,0.0
Randall Delgado,0.0
Nick Tepesch,0.0
Erasmo Ramirez,0.0
Tyler Chatwood,0.0
Yovani Gallardo,0.0
Zack Godley,0.0
Wily Peralta,0.0
Trevor Cahill,0.0
Edwin Jackson,0.0
Jose Arredondo,0.0
Hector Santiago,0.0
Neftali Feliz,0.0
Brad Boxberger,0.0
Chi Chi Gonzalez,0.0
Luis Cessa,0.0
Matt Albers,0.0
Derek Holland,0.0
Matt Cain,0.0
Jorge De La Rosa,0.0
Albert Suarez,0.0
Jared Burton,0.0
Scott Baker,0.0
Zach Eflin,0.0
Aaron Brooks,0.0
Bud Norris,0.0
Luis Ayala,0.0
Tony Watson,0.0
Alex Torres,0.0
Troy Patton,0.0
Fernando Rodriguez,0.0
Tony Cingrani,0.0
Grant Balfour,0.0
Jamie Moyer,0.0
Eddie Butler,0.0
Dustin McGowan,0.0
Vidal Nuno,0.0
James Russell,0.0
Andrew Moore,0.0
Wade LeBlanc,0.0
Pat Dean,0.0
John Lamb,0.0
Louis Coleman,0.0
Jharel Cotton,0.0
J.J. Hoover,0.0
Adam Conley,0.0
Marco Estrada,0.0
Randy Wells,0.0
Chad Qualls,0.0
Sergio Romo,0.0
Chien-Ming Wang,0.0
Clay Hensley,0.0
Miguel Batista,0.0
Heath Bell,0.0
Odrisamer Despaigne,0.0
David Huff,0.0
Justin Masterson,0.0
Mike Foltynewicz,0.0
Daniel Gossett,0.0
Mike MacDougal,0.0
Shawn Tolleson,0.0
Dan Jennings,0.0
Miguel Castro,0.0
Josh Roenicke,0.0
Yusmeiro Petit,0.0
Antonio Bastardo,0.0
Luis Perez,0.0
Robbie Ross Jr.,0.0
Chris Volstad,0.0
Jared Hughes,0.0
Kevin Gregg,0.0
Cesar Ramos,0.0
Matt Cain,0.0
Evan Scribner,0.0
Jesse Chavez,0.0
Samuel Deduno,0.0
Luke Gregerson,0.0
Adam Ottavino,0.0
Brandon Morrow,0.0
Chris Jakubauskas,0.0
Kyle Gibson,0.0
David Buchanan,0.0
Pedro Villarreal,0.0
Yusmeiro Petit,0.0
Juan Gutierrez,0.0
Addison Reed,0.0
Tony Sipp,0.0
Nate Adcock,0.0
Jhan Marinez,0.0
Justin De Fratus,0.0
Kevin Quackenbush,0.0
Williams Perez,0.0
Chasen Shreve,0.0
Samuel Deduno,0.0
Andrew Miller,0.0
Logan Ondrusek,0.0
Mike Dunn,0.0
Steven Wright,0.0
Austin Bibens-Dirkx,0.0
Ian Kennedy,0.0
Kyle Lohse,0.0
Edwin Jackson,0.0
Brandon Maurer,0.0
George Kontos,0.0
Josh Roenicke,0.0
David Hale,0.0
Tim Collins,0.0
Paul Clemens,0.0
Sam Gaviglio,0.0
Tanner Roark,0.0
Drew Storen,0.0
Aaron Laffey,0.0
Kyle Drabek,0.0
Brad Peacock,0.0
Christian Bergman,0.0
Hector Santiago,0.0
Jerome Williams,0.0
JC Ramirez,0.0
Matt Reynolds,0.0
Junichi Tazawa,0.0
Tommy Milone,0.0
Clayton Mortensen,0.0
Ross Detwiler,0.0
Pedro Beato,0.0
George Kontos,0.0
Tony Cingrani,0.0
Jeremy Bonderman,0.0
Alex Burnett,0.0
P.J. Walters,0.0
Mitch Talbot,0.0
Sam LeCure,0.0
James Russell,0.0
J.R. Graham,0.0
Josh Smoker,0.0
Danny Farquhar,0.0
Joel De La Cruz,0.0
Philip Humber,0.0
Dustin McGowan,0.0
Jason Marquis,0.0
Jared Hughes,0.0
John Axford,0.0
Scott Diamond,0.0
Ryan Mattheus,0.0
David Hernandez,0.0
Jeremy Jeffress,0.0
Edwin Jackson,0.0
James Shields,0.0
Jeanmar Gomez,0.0
Philip Humber,0.0
Scott Linebrink,0.0
Brian Sanches,0.0
Carlos Torres,0.0
Freddy Garcia,0.0
Felix Doubront,0.0
Kyle Drabek,0.0
Brian Duensing,0.0
Jamey Wright,0.0
Joe Smith,0.0
Arquimedes Caminero,0.0
Kyle Ryan,0.0
Jarred Cosart,0.0
Hector Rondon,0.0
Casey Lawrence,0.0
Jared Hughes,0.0
J.P. Howell,0.0
Donovan Hand,0.0
Michael Kohn,0.0
Matt Reynolds,0.0
Miguel Batista,0.0
Liam Hendriks,0.0
Zach Eflin,0.0
Dan Straily,0.0
Jordan Lyles,0.0
Kevin Gregg,0.0
Enerio Del Rosario,0.0
Chad Bell,0.0
Bryan Morris,0.0
Dillon Gee,0.0
Santiago Casilla,0.0
Erasmo Ramirez,0.0
Hansel Robles,0.0
Tommy Hunter,0.0
Daniel Webb,0.0
Rodrigo Lopez,0.0
Juan Nicasio,0.0
Esmil Rogers,0.0
Joel Hanrahan,0.0
Daniel McCutchen,0.0
Dustin McGowan,0.0
Tim Adleman,0.0
Edinson Volquez,0.0
Matt Capps,0.0
Braden Shipley,0.0
Charlie Furbush,0.0
Aaron Cook,0.0
Dylan Axelrod,0.0
Matt Albers,0.0
Zach Duke,0.0
Alfredo Figaro,0.0
Josh Smith,0.0
Warwick Saupold,0.0
Anthony Swarzak,0.0
Carter Capps,0.0
Jake Thompson,0.0
Eddie Butler,0.0
Pedro Hernandez,0.0
Jose Berrios,0.0
Jose Ramirez,0.0
Jeanmar Gomez,0.0
John Axford,0.0
Brandon Gomes,0.0
Chad Qualls,0.0
Chad Durbin,0.0
Matt Cain,0.0
Neal Cotts,0.0
J.J. Hoover,0.0
Everett Teaford,0.0
Justin Grimm,0.0
Rhiner Cruz,0.0
Adam Warren,0.0
Francisco Rodriguez,0.0
Sean Burnett,0.0
Barry Zito,0.0
Chad Durbin,0.0
Clay Hensley,0.0
Michael Lorenzen,0.0
Ryan Vogelsong,0.0
Andre Rienzo,0.0
Brandon Kintzler,0.0
Yohan Flande,0.0
John Grabow,0.0
Dallas Keuchel,0.0
Barry Zito,0.0
Brad Brach,0.0
Andre Rienzo,0.0
Jean Machi,0.0
Joe Blanton,0.0
Brad Hand,0.0
Erasmo Ramirez,0.0
Tom Koehler,0.0
Michael Gonzalez,0.0
Jon Niese,0.0
Franklin Morales,0.0
Ross Ohlendorf,0.0
Jon Rauch,0.0
Rex Brothers,0.0
Travis Wood,0.0
Logan Verrett,0.0
Hector Noesi,0.0
Carlos Villanueva,0.0
Aaron Blair,0.0
Tyler Glasnow,0.0
David Herndon,0.0
Paul Maholm,0.0
Matthew Boyd,0.0
Craig Breslow,0.0
Kyle McClellan,0.0
Fernando Rodney,0.0
Brandon League,0.0
Logan Ondrusek,0.0
Daniel Bard,0.0
Jim Johnson,0.0
Roy Halladay,0.0
Josh Lindblom,0.0
Aaron Laffey,0.0
Alex Sanabia,0.0
Sean O'Sullivan,0.0
Junior Guerra,0.0
Sean O'Sullivan,0.0
Lucas Harrell,0.0
Chris Perez,0.0
Sam Dyson,0.0
Livan Hernandez,0.0
Bronson Arroyo,0.0
Huston Street,0.0
David Holmberg,0.0
Craig Breslow,0.0
Jonathan Sanchez,0.0
Jeremy Guthrie,0.0
Jeff Gray,0.0
Matt Harvey,0.0
Paul Clemens,0.0
Nick Blackburn,0.0
Alexi Ogando,0.0
Scott Oberg,0.0
Alex White,0.0
Travis Blackley,0.0
Matt Albers,0.0
Ross Detwiler,0.0
Chris Smith,0.0
Ervin Santana,0.0
Derek Holland,0.0
Bryan Morris,0.0
Brett Oberholtzer,0.0
Tyrell Jenkins,0.0
Clayton Richard,0.0
Alfredo Simon,0.0
Chris Tillman,0.0
Bronson Arroyo,0.0
Kyle Kendrick,0.0
Aaron Crow,0.0
James Shields,0.0
Mike Pelfrey,0.0
Jason Marquis,0.0
Chris Young,0.0
Amir Garrett,0.0
Chris Beck,0.0
Dylan Covey,0.0
